Day Index,Users,Pageviews
2011-22-09,4712,35726
2011-23-09,2322,16220
2011-24-09,454,2873
2011-25-09,941,7003
2011-26-09,1182,7227
2011-27-09,387,2035
2011-28-09,234,1141
2011-29-09,224,1125
2011-30-09,192,945
2011-01-10,158,898
2011-02-10,142,900
2011-03-10,176,710
2011-04-10,198,989
2011-05-10,236,1238
2011-06-10,218,1040
2011-07-10,181,816
2011-08-10,126,608
2011-09-10,127,638
2011-10-10,184,595
2011-11-10,195,654
2011-12-10,177,756
2011-13-10,174,525
2011-14-10,175,533
2011-15-10,85,424
2011-16-10,136,515
2011-17-10,166,674
2011-18-10,156,653
2011-19-10,185,607
2011-20-10,156,540
2011-21-10,133,453
2011-22-10,69,233
2011-23-10,90,267
2011-24-10,181,626
2011-25-10,171,646
2011-26-10,188,630
2011-27-10,188,514
2011-28-10,208,854
2011-29-10,103,506
2011-30-10,111,507
2011-31-10,148,562
2011-01-11,127,444
2011-02-11,163,657
2011-03-11,182,772
2011-04-11,163,512
2011-05-11,100,443
2011-06-11,130,446
2011-07-11,194,506
2011-08-11,216,721
2011-09-11,200,581
2011-10-11,178,620
2011-11-11,102,303
2011-12-11,87,273
2011-13-11,87,220
2011-14-11,209,715
2011-15-11,193,424
2011-16-11,193,520
2011-17-11,163,443
2011-18-11,150,373
2011-19-11,85,288
2011-20-11,96,275
2011-21-11,180,535
2011-22-11,198,721
2011-23-11,197,539
2011-24-11,159,487
2011-25-11,167,583
2011-26-11,91,270
2011-27-11,108,350
2011-28-11,181,478
2011-29-11,218,736
2011-30-11,209,549
2011-01-12,167,333
2011-02-12,265,654
2011-03-12,106,288
2011-04-12,111,346
2011-05-12,214,518
2011-06-12,177,584
2011-07-12,210,717
2011-08-12,208,603
2011-09-12,199,573
2011-10-12,121,376
2011-11-12,108,432
2011-12-12,238,791
2011-13-12,203,565
2011-14-12,4,9
2011-15-12,183,797
2011-16-12,124,402
2011-17-12,68,287
2011-18-12,73,551
2011-19-12,169,802
2011-20-12,185,549
2011-21-12,159,885
2011-22-12,155,614
2011-23-12,115,464
2011-24-12,76,296
2011-25-12,63,156
2011-26-12,124,350
2011-27-12,138,574
2011-28-12,138,432
2011-29-12,152,437
2011-30-12,135,494
2011-31-12,86,347
2012-01-01,80,197
2012-02-01,208,639
2012-03-01,267,962
2012-04-01,221,1049
2012-05-01,205,750
2012-06-01,210,605
2012-07-01,114,372
2012-08-01,99,367
2012-09-01,363,1248
2012-10-01,326,1102
2012-11-01,354,1207
2012-12-01,346,1007
2012-13-01,302,859
2012-14-01,177,531
2012-15-01,172,501
2012-16-01,286,847
2012-17-01,273,677
2012-18-01,290,665
2012-19-01,291,672
2012-20-01,292,712
2012-21-01,140,445
2012-22-01,147,402
2012-23-01,356,937
2012-24-01,298,934
2012-25-01,222,680
2012-26-01,206,530
2012-27-01,195,569
2012-28-01,108,325
2012-29-01,211,459
2012-30-01,234,662
2012-31-01,203,551
2012-01-02,176,653
2012-02-02,179,494
2012-03-02,177,478
2012-04-02,105,294
2012-05-02,91,240
2012-06-02,211,790
2012-07-02,260,984
2012-08-02,247,768
2012-09-02,179,497
2012-10-02,195,570
2012-11-02,71,141
2012-12-02,113,305
2012-13-02,242,668
2012-14-02,186,537
2012-15-02,211,530
2012-16-02,170,517
2012-17-02,188,547
2012-18-02,95,384
2012-19-02,123,391
2012-20-02,200,523
2012-21-02,176,516
2012-22-02,203,487
2012-23-02,188,509
2012-24-02,193,894
2012-25-02,113,312
2012-26-02,96,292
2012-27-02,197,682
2012-28-02,167,453
2012-29-02,169,435
2012-01-03,72,246
2012-02-03,52,140
2012-03-03,96,371
2012-04-03,84,239
2012-05-03,170,504
2012-06-03,154,446
2012-07-03,166,465
2012-08-03,147,325
2012-09-03,135,304
2012-10-03,76,253
2012-11-03,76,150
2012-12-03,146,380
2012-13-03,143,320
2012-14-03,130,466
2012-15-03,142,318
2012-16-03,111,257
2012-17-03,62,162
2012-18-03,78,212
2012-19-03,112,301
2012-20-03,145,575
2012-21-03,118,339
2012-22-03,147,477
2012-23-03,123,307
2012-24-03,70,169
2012-25-03,67,144
2012-26-03,157,424
2012-27-03,132,358
2012-28-03,138,325
2012-29-03,134,439
2012-30-03,132,320
2012-31-03,67,129
2012-01-04,127,236
2012-02-04,180,495
2012-03-04,130,375
2012-04-04,110,344
2012-05-04,134,421
2012-06-04,114,285
2012-07-04,62,200
2012-08-04,51,102
2012-09-04,66,174
2012-10-04,137,328
2012-11-04,149,305
2012-12-04,150,322
2012-13-04,109,265
2012-14-04,75,234
2012-15-04,71,191
2012-16-04,161,428
2012-17-04,152,467
2012-18-04,165,366
2012-19-04,158,318
2012-20-04,126,254
2012-21-04,88,214
2012-22-04,52,149
2012-23-04,146,400
2012-24-04,144,401
2012-25-04,120,356
2012-26-04,94,275
2012-27-04,121,270
2012-28-04,60,244
2012-29-04,60,174
2012-30-04,122,321
2012-01-05,56,182
2012-02-05,129,385
2012-03-05,108,240
2012-04-05,117,266
2012-05-05,70,197
2012-06-05,80,177
2012-07-05,154,369
2012-08-05,136,429
2012-09-05,187,479
2012-10-05,155,561
2012-11-05,151,402
2012-12-05,91,284
2012-13-05,85,256
2012-14-05,146,478
2012-15-05,156,310
2012-16-05,746,1408
2012-17-05,436,836
2012-18-05,293,858
2012-19-05,117,328
2012-20-05,111,270
2012-21-05,283,616
2012-22-05,197,526
2012-23-05,268,793
2012-24-05,244,803
2012-25-05,191,619
2012-26-05,119,418
2012-27-05,79,319
2012-28-05,108,332
2012-29-05,166,513
2012-30-05,168,409
2012-31-05,172,633
2012-01-06,134,346
2012-02-06,55,170
2012-03-06,80,295
2012-04-06,184,403
2012-05-06,182,513
2012-06-06,182,605
2012-07-06,183,627
2012-08-06,140,376
2012-09-06,134,522
2012-10-06,141,408
2012-11-06,177,456
2012-12-06,172,472
2012-13-06,154,415
2012-14-06,152,472
2012-15-06,136,430
2012-16-06,155,617
2012-17-06,161,585
2012-18-06,232,782
2012-19-06,185,495
2012-20-06,186,413
2012-21-06,182,527
2012-22-06,195,483
2012-23-06,67,154
2012-24-06,69,174
2012-25-06,142,425
2012-26-06,149,649
2012-27-06,160,783
2012-28-06,108,300
2012-29-06,126,258
2012-30-06,69,220
2012-01-07,97,220
2012-02-07,128,326
2012-03-07,151,491
2012-04-07,147,375
2012-05-07,158,380
2012-06-07,129,370
2012-07-07,69,244
2012-08-07,87,297
2012-09-07,167,484
2012-10-07,125,389
2012-11-07,154,455
2012-12-07,142,650
2012-13-07,134,386
2012-14-07,81,118
2012-15-07,79,245
2012-16-07,175,462
2012-17-07,156,435
2012-18-07,208,432
2012-19-07,165,405
2012-20-07,154,460
2012-21-07,62,147
2012-22-07,90,167
2012-23-07,164,448
2012-24-07,160,423
2012-25-07,160,632
2012-26-07,174,494
2012-27-07,152,437
2012-28-07,54,151
2012-29-07,53,129
2012-30-07,130,443
2012-31-07,127,354
2012-01-08,117,305
2012-02-08,114,505
2012-03-08,109,270
2012-04-08,72,169
2012-05-08,83,227
2012-06-08,112,229
2012-07-08,108,445
2012-08-08,80,220
2012-09-08,112,358
2012-10-08,96,322
2012-11-08,40,67
2012-12-08,48,82
2012-13-08,106,252
2012-14-08,134,333
2012-15-08,96,222
2012-16-08,112,282
2012-17-08,97,418
2012-18-08,60,216
2012-19-08,70,136
2012-20-08,150,324
2012-21-08,150,362
2012-22-08,132,317
2012-23-08,124,303
2012-24-08,157,299
2012-25-08,55,111
2012-26-08,152,317
2012-27-08,217,596
2012-28-08,198,756
2012-29-08,179,407
2012-30-08,221,619
2012-31-08,135,332
2012-01-09,62,142
2012-02-09,73,190
2012-03-09,190,586
2012-04-09,172,403
2012-05-09,163,533
2012-06-09,186,465
2012-07-09,181,362
2012-08-09,61,103
2012-09-09,65,157
2012-10-09,190,451
2012-11-09,218,582
2012-12-09,245,736
2012-13-09,252,639
2012-14-09,257,895
2012-15-09,150,502
2012-16-09,175,534
2012-17-09,274,1050
2012-18-09,237,816
2012-19-09,221,593
2012-20-09,275,774
2012-21-09,221,1185
2012-22-09,111,399
2012-23-09,128,351
2012-24-09,300,1276
2012-25-09,280,1009
2012-26-09,281,804
2012-27-09,256,678
2012-28-09,218,617
2012-29-09,110,252
2012-30-09,117,301
2012-01-10,266,650
2012-02-10,239,672
2012-03-10,272,693
2012-04-10,310,1147
2012-05-10,245,963
2012-06-10,127,445
2012-07-10,149,562
2012-08-10,321,1093
2012-09-10,301,894
2012-10-10,325,1180
2012-11-10,307,615
2012-12-10,265,691
2012-13-10,142,574
2012-14-10,185,449
2012-15-10,333,803
2012-16-10,310,809
2012-17-10,306,856
2012-18-10,309,836
2012-19-10,272,710
2012-20-10,185,477
2012-21-10,184,497
2012-22-10,387,1047
2012-23-10,437,1048
2012-24-10,328,1101
2012-25-10,384,1023
2012-26-10,305,754
2012-27-10,137,431
2012-28-10,132,327
2012-29-10,309,1144
2012-30-10,257,863
2012-31-10,271,702
2012-01-11,159,347
2012-02-11,211,631
2012-03-11,149,399
2012-04-11,196,533
2012-05-11,318,834
2012-06-11,323,932
2012-07-11,381,1038
2012-08-11,259,554
2012-09-11,288,701
2012-10-11,243,732
2012-11-11,231,636
2012-12-11,394,1334
2012-13-11,349,1011
2012-14-11,487,1581
2012-15-11,477,1252
2012-16-11,412,1005
2012-17-11,247,706
2012-18-11,262,751
2012-19-11,563,1285
2012-20-11,529,1344
2012-21-11,328,987
2012-22-11,362,1105
2012-23-11,288,777
2012-24-11,150,433
2012-25-11,175,556
2012-26-11,357,1012
2012-27-11,390,1111
2012-28-11,389,1105
2012-29-11,372,1071
2012-30-11,343,1119
2012-01-12,172,505
2012-02-12,200,611
2012-03-12,407,1226
2012-04-12,388,1026
2012-05-12,351,1365
2012-06-12,361,910
2012-07-12,345,1156
2012-08-12,183,609
2012-09-12,204,568
2012-10-12,419,1281
2012-11-12,375,1200
2012-12-12,361,1129
2012-13-12,329,858
2012-14-12,304,770
2012-15-12,156,417
2012-16-12,212,602
2012-17-12,416,1346
2012-18-12,372,967
2012-19-12,349,1022
2012-20-12,328,1225
2012-21-12,249,858
2012-22-12,140,411
2012-23-12,108,253
2012-24-12,131,340
2012-25-12,74,171
2012-26-12,221,547
2012-27-12,238,645
2012-28-12,205,535
2012-29-12,135,302
2012-30-12,162,384
2012-31-12,158,375
2013-01-01,120,276
2013-02-01,294,701
2013-03-01,321,893
2013-04-01,329,880
2013-05-01,182,462
2013-06-01,182,530
2013-07-01,398,880
2013-08-01,417,1017
2013-09-01,447,919
2013-10-01,375,941
2013-11-01,337,803
2013-12-01,186,505
2013-13-01,192,436
2013-14-01,414,1030
2013-15-01,366,837
2013-16-01,356,912
2013-17-01,415,956
2013-18-01,339,865
2013-19-01,184,523
2013-20-01,220,590
2013-21-01,399,1036
2013-22-01,378,1186
2013-23-01,442,1362
2013-24-01,405,1070
2013-25-01,346,897
2013-26-01,195,470
2013-27-01,293,650
2013-28-01,486,1380
2013-29-01,414,1150
2013-30-01,399,1005
2013-31-01,403,1075
2013-01-02,360,1162
2013-02-02,221,583
2013-03-02,227,596
2013-04-02,478,1429
2013-05-02,486,1611
2013-06-02,460,1186
2013-07-02,455,1456
2013-08-02,383,1126
2013-09-02,197,662
2013-10-02,247,703
2013-11-02,522,1163
2013-12-02,462,1389
2013-13-02,416,1267
2013-14-02,501,1657
2013-15-02,537,1715
2013-16-02,253,690
2013-17-02,230,625
2013-18-02,444,1250
2013-19-02,438,1056
2013-20-02,419,1277
2013-21-02,387,878
2013-22-02,611,2016
2013-23-02,319,1057
2013-24-02,252,917
2013-25-02,478,1388
2013-26-02,405,978
2013-27-02,357,842
2013-28-02,408,1068
2013-01-03,352,914
2013-02-03,181,501
2013-03-03,288,756
2013-04-03,427,985
2013-05-03,487,1667
2013-06-03,386,1005
2013-07-03,782,2905
2013-08-03,355,1069
2013-09-03,169,576
2013-10-03,221,649
2013-11-03,441,1207
2013-12-03,414,1200
2013-13-03,416,901
2013-14-03,398,873
2013-15-03,361,950
2013-16-03,221,645
2013-17-03,302,775
2013-18-03,427,983
2013-19-03,454,1167
2013-20-03,481,1253
2013-21-03,422,1138
2013-22-03,359,886
2013-23-03,223,491
2013-24-03,245,620
2013-25-03,487,1258
2013-26-03,930,3379
2013-27-03,535,1568
2013-28-03,445,1373
2013-29-03,369,1279
2013-30-03,193,539
2013-31-03,187,516
2013-01-04,268,620
2013-02-04,590,1991
2013-03-04,509,1364
2013-04-04,764,2607
2013-05-04,626,1982
2013-06-04,266,885
2013-07-04,273,819
2013-08-04,299,771
2013-09-04,515,1657
2013-10-04,517,1476
2013-11-04,521,1675
2013-12-04,453,1203
2013-13-04,202,754
2013-14-04,185,550
2013-15-04,642,2763
2013-16-04,415,1142
2013-17-04,399,1115
2013-18-04,376,941
2013-19-04,363,1046
2013-20-04,163,402
2013-21-04,178,473
2013-22-04,373,1336
2013-23-04,353,1081
2013-24-04,349,1113
2013-25-04,346,937
2013-26-04,275,755
2013-27-04,175,513
2013-28-04,181,380
2013-29-04,458,1042
2013-30-04,311,802
2013-01-05,175,487
2013-02-05,282,706
2013-03-05,310,776
2013-04-05,131,362
2013-05-05,130,208
2013-06-05,316,1078
2013-07-05,304,852
2013-08-05,137,378
2013-09-05,136,327
2013-10-05,162,399
2013-11-05,122,224
2013-12-05,185,446
2013-13-05,341,846
2013-14-05,350,1093
2013-15-05,369,1075
2013-16-05,353,819
2013-17-05,289,657
2013-18-05,137,410
2013-19-05,134,385
2013-20-05,204,524
2013-21-05,365,983
2013-22-05,385,1002
2013-23-05,412,1068
2013-24-05,332,842
2013-25-05,186,418
2013-26-05,183,376
2013-27-05,388,975
2013-28-05,462,1064
2013-29-05,432,1080
2013-30-05,443,1113
2013-31-05,312,976
2013-01-06,157,368
2013-02-06,179,374
2013-03-06,476,1270
2013-04-06,453,1250
2013-05-06,376,963
2013-06-06,373,1270
2013-07-06,291,852
2013-08-06,141,369
2013-09-06,161,402
2013-10-06,341,1028
2013-11-06,395,1199
2013-12-06,375,1213
2013-13-06,324,988
2013-14-06,307,788
2013-15-06,140,390
2013-16-06,171,390
2013-17-06,341,1002
2013-18-06,372,1221
2013-19-06,366,1346
2013-20-06,379,1208
2013-21-06,274,727
2013-22-06,181,447
2013-23-06,206,540
2013-24-06,424,1483
2013-25-06,386,1304
2013-26-06,320,972
2013-27-06,317,836
2013-28-06,268,736
2013-29-06,114,317
2013-30-06,141,348
2013-01-07,338,952
2013-02-07,381,925
2013-03-07,335,940
2013-04-07,256,799
2013-05-07,263,668
2013-06-07,109,286
2013-07-07,144,311
2013-08-07,287,761
2013-09-07,276,743
2013-10-07,437,1406
2013-11-07,423,1256
2013-12-07,296,899
2013-13-07,125,214
2013-14-07,114,268
2013-15-07,383,1103
2013-16-07,371,1092
2013-17-07,317,892
2013-18-07,278,813
2013-19-07,253,860
2013-20-07,104,199
2013-21-07,123,324
2013-22-07,283,698
2013-23-07,316,1081
2013-24-07,292,997
2013-25-07,265,902
2013-26-07,262,818
2013-27-07,101,273
2013-28-07,140,339
2013-29-07,279,883
2013-30-07,209,633
2013-31-07,229,691
2013-01-08,197,553
2013-02-08,198,465
2013-03-08,105,245
2013-04-08,87,186
2013-05-08,194,550
2013-06-08,211,561
2013-07-08,191,519
2013-08-08,181,470
2013-09-08,199,507
2013-10-08,88,183
2013-11-08,103,201
2013-12-08,201,651
2013-13-08,170,436
2013-14-08,149,380
2013-15-08,110,355
2013-16-08,110,264
2013-17-08,89,198
2013-18-08,89,245
2013-19-08,203,592
2013-20-08,201,666
2013-21-08,209,479
2013-22-08,213,669
2013-23-08,179,390
2013-24-08,102,256
2013-25-08,112,251
2013-26-08,220,855
2013-27-08,260,633
2013-28-08,294,920
2013-29-08,231,646
2013-30-08,221,557
2013-31-08,80,226
2013-01-09,121,277
2013-02-09,259,760
2013-03-09,242,803
2013-04-09,260,599
2013-05-09,242,844
2013-06-09,257,766
2013-07-09,131,293
2013-08-09,127,285
2013-09-09,316,815
2013-10-09,527,2233
2013-11-09,542,2211
2013-12-09,354,1040
2013-13-09,303,1017
2013-14-09,151,416
2013-15-09,156,347
2013-16-09,356,1095
2013-17-09,357,936
2013-18-09,362,1214
2013-19-09,405,1389
2013-20-09,362,1440
2013-21-09,169,850
2013-22-09,162,857
2013-23-09,337,832
2013-24-09,317,905
2013-25-09,301,764
2013-26-09,276,618
2013-27-09,279,715
2013-28-09,145,337
2013-29-09,168,431
2013-30-09,406,1261
2013-01-10,384,1269
2013-02-10,360,955
2013-03-10,389,1257
2013-04-10,346,955
2013-05-10,164,481
2013-06-10,176,465
2013-07-10,413,1169
2013-08-10,354,927
2013-09-10,346,947
2013-10-10,371,1046
2013-11-10,303,922
2013-12-10,149,384
2013-13-10,206,628
2013-14-10,426,1216
2013-15-10,405,1217
2013-16-10,417,1087
2013-17-10,326,1007
2013-18-10,328,1044
2013-19-10,154,488
2013-20-10,209,557
2013-21-10,564,1637
2013-22-10,364,1161
2013-23-10,400,1656
2013-24-10,334,1302
2013-25-10,312,1005
2013-26-10,141,464
2013-27-10,187,553
2013-28-10,354,1027
2013-29-10,366,1104
2013-30-10,354,1179
2013-31-10,293,843
2013-01-11,157,425
2013-02-11,130,369
2013-03-11,158,452
2013-04-11,379,1503
2013-05-11,357,1175
2013-06-11,382,1184
2013-07-11,389,1099
2013-08-11,343,1137
2013-09-11,157,526
2013-10-11,152,410
2013-11-11,220,614
2013-12-11,432,1245
2013-13-11,416,1265
2013-14-11,379,1222
2013-15-11,341,992
2013-16-11,172,469
2013-17-11,182,612
2013-18-11,426,1232
2013-19-11,385,1287
2013-20-11,403,1554
2013-21-11,434,1488
2013-22-11,447,1502
2013-23-11,271,874
2013-24-11,205,602
2013-25-11,417,1362
2013-26-11,442,1624
2013-27-11,421,1456
2013-28-11,393,1320
2013-29-11,314,976
2013-30-11,168,573
2013-01-12,754,2507
2013-02-12,603,1880
2013-03-12,426,1188
2013-04-12,402,1336
2013-05-12,357,1164
2013-06-12,354,969
2013-07-12,164,493
2013-08-12,208,585
2013-09-12,396,1275
2013-10-12,744,2547
2013-11-12,646,2077
2013-12-12,521,1618
2013-13-12,380,1102
2013-14-12,200,552
2013-15-12,176,380
2013-16-12,429,1237
2013-17-12,415,1995
2013-18-12,324,960
2013-19-12,358,897
2013-20-12,291,1166
2013-21-12,165,619
2013-22-12,131,288
2013-23-12,207,497
2013-24-12,126,313
2013-25-12,79,170
2013-26-12,228,622
2013-27-12,217,2483
2013-28-12,164,2365
2013-29-12,149,3028
2013-30-12,201,1187
2013-31-12,183,1811
2014-01-01,126,2234
2014-02-01,288,2634
2014-03-01,281,3111
2014-04-01,185,1900
2014-05-01,192,2574
2014-06-01,432,2653
2014-07-01,622,3329
2014-08-01,563,2009
2014-09-01,604,3562
2014-10-01,402,1826
2014-11-01,206,2623
2014-12-01,274,1078
2014-13-01,473,1517
2014-14-01,443,1693
2014-15-01,432,1356
2014-16-01,453,1188
2014-17-01,369,905
2014-18-01,202,614
2014-19-01,222,711
2014-20-01,428,1243
2014-21-01,423,1203
2014-22-01,409,1079
2014-23-01,427,1359
2014-24-01,429,1185
2014-25-01,262,624
2014-26-01,219,750
2014-27-01,501,1369
2014-28-01,485,1215
2014-29-01,468,1371
2014-30-01,457,1615
2014-31-01,387,1144
2014-01-02,228,612
2014-02-02,226,612
2014-03-02,475,1383
2014-04-02,469,1245
2014-05-02,453,1411
2014-06-02,462,1364
2014-07-02,364,1036
2014-08-02,234,598
2014-09-02,229,696
2014-10-02,378,1064
2014-11-02,426,1129
2014-12-02,413,1363
2014-13-02,425,1124
2014-14-02,377,1124
2014-15-02,217,649
2014-16-02,234,682
2014-17-02,474,1271
2014-18-02,473,1573
2014-19-02,481,1508
2014-20-02,425,1141
2014-21-02,373,1039
2014-22-02,189,514
2014-23-02,194,541
2014-24-02,394,1313
2014-25-02,411,1371
2014-26-02,437,1383
2014-27-02,388,1078
2014-28-02,333,977
2014-01-03,180,606
2014-02-03,188,560
2014-03-03,380,1236
2014-04-03,364,1103
2014-05-03,373,1051
2014-06-03,345,1046
2014-07-03,278,781
2014-08-03,171,434
2014-09-03,177,484
2014-10-03,355,984
2014-11-03,365,1186
2014-12-03,349,1221
2014-13-03,344,1097
2014-14-03,293,712
2014-15-03,161,429
2014-16-03,245,638
2014-17-03,359,917
2014-18-03,352,1152
2014-19-03,362,947
2014-20-03,318,759
2014-21-03,345,822
2014-22-03,217,492
2014-23-03,300,613
2014-24-03,488,1200
2014-25-03,415,1118
2014-26-03,558,1555
2014-27-03,958,2320
2014-28-03,504,1205
2014-29-03,211,523
2014-30-03,271,635
2014-31-03,587,1600
2014-01-04,507,1099
2014-02-04,461,1255
2014-03-04,449,1020
2014-04-04,408,1031
2014-05-04,188,427
2014-06-04,200,424
2014-07-04,423,1191
2014-08-04,408,1056
2014-09-04,479,1271
2014-10-04,427,1095
2014-11-04,337,870
2014-12-04,173,529
2014-13-04,190,492
2014-14-04,406,1125
2014-15-04,465,1103
2014-16-04,401,1174
2014-17-04,430,1362
2014-18-04,339,838
2014-19-04,154,374
2014-20-04,148,388
2014-21-04,176,392
2014-22-04,351,1096
2014-23-04,363,1036
2014-24-04,315,962
2014-25-04,354,964
2014-26-04,152,402
2014-27-04,240,471
2014-28-04,396,902
2014-29-04,389,1158
2014-30-04,411,1369
2014-01-05,213,646
2014-02-05,305,764
2014-03-05,162,412
2014-04-05,163,514
2014-05-05,390,1163
2014-06-05,420,1155
2014-07-05,350,1182
2014-08-05,186,398
2014-09-05,255,653
2014-10-05,159,389
2014-11-05,181,428
2014-12-05,408,1754
2014-13-05,466,1566
2014-14-05,433,1209
2014-15-05,898,1828
2014-16-05,615,1469
2014-17-05,179,356
2014-18-05,160,359
2014-19-05,447,1123
2014-20-05,519,1295
2014-21-05,617,1579
2014-22-05,450,1383
2014-23-05,341,899
2014-24-05,145,307
2014-25-05,156,465
2014-26-05,419,1295
2014-27-05,419,1310
2014-28-05,353,844
2014-29-05,226,854
2014-30-05,285,861
2014-31-05,154,505
2014-01-06,185,660
2014-02-06,477,2462
2014-03-06,487,2456
2014-04-06,483,1477
2014-05-06,485,1519
2014-06-06,415,1300
2014-07-06,167,516
2014-08-06,125,295
2014-09-06,224,1223
2014-10-06,449,1495
2014-11-06,441,1179
2014-12-06,721,1543
2014-13-06,460,1204
2014-14-06,186,587
2014-15-06,209,604
2014-16-06,430,1297
2014-17-06,475,1550
2014-18-06,510,1547
2014-19-06,474,1344
2014-20-06,453,1239
2014-21-06,159,394
2014-22-06,199,564
2014-23-06,427,1194
2014-24-06,415,1221
2014-25-06,390,1071
2014-26-06,391,964
2014-27-06,354,1024
2014-28-06,188,478
2014-29-06,168,531
2014-30-06,388,1156
2014-01-07,358,1114
2014-02-07,421,1441
2014-03-07,363,1079
2014-04-07,343,1041
2014-05-07,147,331
2014-06-07,160,467
2014-07-07,808,2306
2014-08-07,530,1384
2014-09-07,435,1257
2014-10-07,393,1181
2014-11-07,358,954
2014-12-07,151,548
2014-13-07,144,368
2014-14-07,153,629
2014-15-07,362,1471
2014-16-07,385,1636
2014-17-07,400,1531
2014-18-07,261,833
2014-19-07,160,450
2014-20-07,152,387
2014-21-07,361,1040
2014-22-07,359,825
2014-23-07,347,928
2014-24-07,535,1613
2014-25-07,402,1117
2014-26-07,200,515
2014-27-07,175,453
2014-28-07,384,1016
2014-29-07,384,1053
2014-30-07,376,1246
2014-31-07,292,921
2014-01-08,249,725
2014-02-08,167,515
2014-03-08,305,1397
2014-04-08,377,1659
2014-05-08,391,1972
2014-06-08,433,1935
2014-07-08,336,1401
2014-08-08,259,963
2014-09-08,152,586
2014-10-08,144,504
2014-11-08,267,863
2014-12-08,267,929
2014-13-08,250,831
2014-14-08,224,511
2014-15-08,138,399
2014-16-08,110,319
2014-17-08,125,364
2014-18-08,272,975
2014-19-08,292,761
2014-20-08,294,856
2014-21-08,461,1123
2014-22-08,303,958
2014-23-08,182,459
2014-24-08,149,312
2014-25-08,376,1188
2014-26-08,429,1196
2014-27-08,408,1227
2014-28-08,375,980
2014-29-08,316,904
2014-30-08,184,556
2014-31-08,180,417
2014-01-09,385,1158
2014-02-09,422,1234
2014-03-09,427,1276
2014-04-09,508,1344
2014-05-09,434,1330
2014-06-09,221,689
2014-07-09,200,584
2014-08-09,477,1264
2014-09-09,480,1309
2014-10-09,480,1733
2014-11-09,462,1432
2014-12-09,447,1568
2014-13-09,244,544
2014-14-09,229,861
2014-15-09,546,1613
2014-16-09,614,2026
2014-17-09,528,1662
2014-18-09,526,1447
2014-19-09,444,1267
2014-20-09,236,616
2014-21-09,319,923
2014-22-09,726,2448
2014-23-09,657,1935
2014-24-09,611,2072
2014-25-09,619,2021
2014-26-09,1149,4897
2014-27-09,669,2902
2014-28-09,5042,11315
2014-29-09,4970,11994
2014-30-09,1760,4302
2014-01-10,1212,3670
2014-02-10,837,2533
2014-03-10,652,1814
2014-04-10,404,1168
2014-05-10,388,1077
2014-06-10,668,1961
2014-07-10,703,1811
2014-08-10,640,1646
2014-09-10,681,2027
2014-10-10,553,1689
2014-11-10,276,784
2014-12-10,317,785
2014-13-10,607,1647
2014-14-10,624,1688
2014-15-10,581,1354
2014-16-10,603,1640
2014-17-10,505,1618
2014-18-10,267,707
2014-19-10,267,898
2014-20-10,591,1571
2014-21-10,537,1680
2014-22-10,578,1947
2014-23-10,607,1822
2014-24-10,466,1344
2014-25-10,216,644
2014-26-10,288,1044
2014-27-10,583,1732
2014-28-10,609,1827
2014-29-10,562,1847
2014-30-10,580,1948
2014-31-10,497,1448
2014-01-11,226,568
2014-02-11,309,801
2014-03-11,678,1651
2014-04-11,657,1904
2014-05-11,618,2180
2014-06-11,733,3011
2014-07-11,549,1609
2014-08-11,238,509
2014-09-11,294,1013
2014-10-11,512,1724
2014-11-11,365,1347
2014-12-11,618,1789
2014-13-11,704,1833
2014-14-11,595,1617
2014-15-11,304,728
2014-16-11,355,962
2014-17-11,1201,4888
2014-18-11,1155,5290
2014-19-11,962,4483
2014-20-11,1016,4575
2014-21-11,985,3645
2014-22-11,361,1235
2014-23-11,369,1262
2014-24-11,779,2193
2014-25-11,681,2274
2014-26-11,855,4146
2014-27-11,734,2347
2014-28-11,546,1847
2014-29-11,324,1138
2014-30-11,341,930
2014-01-12,662,1929
2014-02-12,679,1999
2014-03-12,654,2274
2014-04-12,694,1946
2014-05-12,617,2272
2014-06-12,295,847
2014-07-12,301,950
2014-08-12,725,2314
2014-09-12,705,2053
2014-10-12,661,2213
2014-11-12,636,1924
2014-12-12,592,2210
2014-13-12,274,861
2014-14-12,284,740
2014-15-12,721,2161
2014-16-12,725,2147
2014-17-12,634,1772
2014-18-12,684,1788
2014-19-12,504,1349
2014-20-12,275,780
2014-21-12,242,692
2014-22-12,556,1740
2014-23-12,430,1291
2014-24-12,296,986
2014-25-12,155,417
2014-26-12,273,804
2014-27-12,240,745
2014-28-12,220,1299
2014-29-12,451,2139
2014-30-12,398,1459
2014-31-12,366,1124
2015-01-01,180,554
2015-02-01,362,1199
2015-03-01,262,744
2015-04-01,290,668
2015-05-01,645,1564
2015-06-01,698,2085
2015-07-01,572,1450
2015-08-01,521,1316
2015-09-01,426,1118
2015-10-01,239,545
2015-11-01,225,571
2015-12-01,662,2106
2015-13-01,668,1836
2015-14-01,564,1482
2015-15-01,586,1566
2015-16-01,551,1506
2015-17-01,295,830
2015-18-01,307,864
2015-19-01,688,2043
2015-20-01,634,1775
2015-21-01,658,1807
2015-22-01,646,1867
2015-23-01,657,1805
2015-24-01,330,1098
2015-25-01,338,1049
2015-26-01,664,1913
2015-27-01,677,1968
2015-28-01,1155,4030
2015-29-01,3153,23508
2015-30-01,1526,8034
2015-31-01,709,4919
2015-01-02,553,2638
2015-02-02,797,2997
2015-03-02,806,3367
2015-04-02,793,3414
2015-05-02,750,2694
2015-06-02,627,1895
2015-07-02,329,1151
2015-08-02,458,1448
2015-09-02,673,2051
2015-10-02,692,2211
2015-11-02,630,2030
2015-12-02,770,2381
2015-13-02,625,1897
2015-14-02,341,1042
2015-15-02,451,1484
2015-16-02,855,2607
2015-17-02,736,2228
2015-18-02,726,2296
2015-19-02,686,1685
2015-20-02,566,1909
2015-21-02,336,1125
2015-22-02,330,1096
2015-23-02,633,1773
2015-24-02,634,1715
2015-25-02,658,1883
2015-26-02,619,1969
2015-27-02,507,1488
2015-28-02,285,822
2015-01-03,330,1068
2015-02-03,560,1716
2015-03-03,793,2301
2015-04-03,659,2067
2015-05-03,666,2015
2015-06-03,512,1533
2015-07-03,268,628
2015-08-03,324,1060
2015-09-03,660,1758
2015-10-03,714,2095
2015-11-03,833,3470
2015-12-03,891,3300
2015-13-03,688,1917
2015-14-03,339,898
2015-15-03,346,955
2015-16-03,627,1912
2015-17-03,678,2067
2015-18-03,670,1946
2015-19-03,666,2062
2015-20-03,596,1867
2015-21-03,408,1302
2015-22-03,489,1289
2015-23-03,709,1846
2015-24-03,662,1844
2015-25-03,614,2127
2015-26-03,581,1632
2015-27-03,559,1744
2015-28-03,284,869
2015-29-03,468,1758
2015-30-03,845,2389
2015-31-03,805,2410
2015-01-04,743,2186
2015-02-04,762,2285
2015-03-04,692,2136
2015-04-04,336,1053
2015-05-04,283,812
2015-06-04,312,899
2015-07-04,825,2461
2015-08-04,694,1997
2015-09-04,669,1861
2015-10-04,589,1818
2015-11-04,317,950
2015-12-04,296,821
2015-13-04,614,1862
2015-14-04,729,2231
2015-15-04,1325,5320
2015-16-04,980,3585
2015-17-04,675,2384
2015-18-04,269,850
2015-19-04,274,854
2015-20-04,581,1642
2015-21-04,575,1476
2015-22-04,532,1728
2015-23-04,519,1776
2015-24-04,428,1211
2015-25-04,252,589
2015-26-04,259,577
2015-27-04,603,1491
2015-28-04,576,1956
2015-29-04,589,1655
2015-30-04,452,1167
2015-01-05,284,688
2015-02-05,226,556
2015-03-05,253,609
2015-04-05,609,1980
2015-05-05,725,1906
2015-06-05,686,1983
2015-07-05,649,1542
2015-08-05,366,1002
2015-09-05,281,1084
2015-10-05,230,553
2015-11-05,531,1549
2015-12-05,570,2491
2015-13-05,750,3097
2015-14-05,2957,12326
2015-15-05,1014,3485
2015-16-05,351,1106
2015-17-05,274,715
2015-18-05,709,2131
2015-19-05,721,2419
2015-20-05,699,2421
2015-21-05,628,1938
2015-22-05,531,1937
2015-23-05,240,799
2015-24-05,203,520
2015-25-05,340,1138
2015-26-05,682,2279
2015-27-05,640,2137
2015-28-05,594,1870
2015-29-05,512,1507
2015-30-05,221,599
2015-31-05,250,760
2015-01-06,714,2271
2015-02-06,709,2066
2015-03-06,644,2252
2015-04-06,582,2282
2015-05-06,439,1419
2015-06-06,218,648
2015-07-06,221,546
2015-08-06,681,1911
2015-09-06,614,1955
2015-10-06,622,1936
2015-11-06,676,2022
2015-12-06,588,2109
2015-13-06,270,780
2015-14-06,277,717
2015-15-06,695,2153
2015-16-06,640,2182
2015-17-06,575,1700
2015-18-06,596,1947
2015-19-06,510,1415
2015-20-06,234,656
2015-21-06,220,728
2015-22-06,614,1904
2015-23-06,655,2177
2015-24-06,553,1795
2015-25-06,571,1713
2015-26-06,493,1534
2015-27-06,195,633
2015-28-06,192,590
2015-29-06,509,1432
2015-30-06,566,1902
2015-01-07,480,1395
2015-02-07,506,1789
2015-03-07,488,1612
2015-04-07,248,780
2015-05-07,208,701
2015-06-07,481,1711
2015-07-07,538,1529
2015-08-07,468,1525
2015-09-07,487,1257
2015-10-07,429,1415
2015-11-07,172,317
2015-12-07,187,539
2015-13-07,317,954
2015-14-07,221,478
2015-15-07,310,717
2015-16-07,390,1219
2015-17-07,357,1003
2015-18-07,239,638
2015-19-07,305,932
2015-20-07,568,1381
2015-21-07,475,1766
2015-22-07,441,1389
2015-23-07,427,1550
2015-24-07,372,1230
2015-25-07,166,506
2015-26-07,195,449
2015-27-07,391,1310
2015-28-07,381,1251
2015-29-07,361,990
2015-30-07,375,1164
2015-31-07,286,969
2015-01-08,149,608
2015-02-08,124,313
2015-03-08,272,689
2015-04-08,319,812
2015-05-08,265,856
2015-06-08,288,755
2015-07-08,260,770
2015-08-08,163,462
2015-09-08,151,318
2015-10-08,24,42
2015-11-08,15,18
2015-12-08,114,294
2015-13-08,305,1028
2015-14-08,303,801
2015-15-08,51,120
2015-16-08,107,217
2015-17-08,321,889
2015-18-08,330,890
2015-19-08,319,780
2015-20-08,334,891
2015-21-08,288,980
2015-22-08,131,316
2015-23-08,198,533
2015-24-08,414,1214
2015-25-08,375,1374
2015-26-08,362,1042
2015-27-08,415,1024
2015-28-08,437,1165
2015-29-08,160,353
2015-30-08,176,410
2015-31-08,449,1079
2015-01-09,486,1406
2015-02-09,492,1493
2015-03-09,512,1544
2015-04-09,479,1262
2015-05-09,242,613
2015-06-09,241,697
2015-07-09,535,1374
2015-08-09,540,1505
2015-09-09,522,1496
2015-10-09,544,1646
2015-11-09,489,1303
2015-12-09,275,737
2015-13-09,303,770
2015-14-09,595,1653
2015-15-09,536,1640
2015-16-09,557,1541
2015-17-09,632,1637
2015-18-09,526,1701
2015-19-09,271,903
2015-20-09,210,607
2015-21-09,543,1768
2015-22-09,564,1559
2015-23-09,527,1547
2015-24-09,607,2001
2015-25-09,472,1584
2015-26-09,177,486
2015-27-09,219,677
2015-28-09,575,1749
2015-29-09,709,2682
2015-30-09,747,2691
2015-01-10,1394,7526
2015-02-10,586,1727
2015-03-10,1089,5527
2015-04-10,259,1020
2015-05-10,640,1995
2015-06-10,617,1868
2015-07-10,464,1454
2015-08-10,459,1510
2015-09-10,534,1472
2015-10-10,248,575
2015-11-10,249,640
2015-12-10,598,1807
2015-13-10,598,1747
2015-14-10,595,1836
2015-15-10,599,1741
2015-16-10,505,1600
2015-17-10,254,664
2015-18-10,279,699
2015-19-10,687,2213
2015-20-10,750,2257
2015-21-10,603,2001
2015-22-10,610,1827
2015-23-10,511,1618
2015-24-10,307,912
2015-25-10,298,811
2015-26-10,588,1435
2015-27-10,579,1787
2015-28-10,710,2162
2015-29-10,608,1791
2015-30-10,517,1516
2015-31-10,240,517
2015-01-11,283,748
2015-02-11,604,1680
2015-03-11,821,2628
2015-04-11,606,1872
2015-05-11,593,1743
2015-06-11,518,1501
2015-07-11,242,596
2015-08-11,275,766
2015-09-11,678,1863
2015-10-11,580,1512
2015-11-11,370,882
2015-12-11,571,1587
2015-13-11,546,1744
2015-14-11,213,622
2015-15-11,289,716
2015-16-11,589,1323
2015-17-11,515,1468
2015-18-11,506,1509
2015-19-11,490,1496
2015-20-11,483,1449
2015-21-11,210,637
2015-22-11,268,620
2015-23-11,580,1517
2015-24-11,565,1533
2015-25-11,546,1652
2015-26-11,584,1635
2015-27-11,460,1589
2015-28-11,279,949
2015-29-11,276,718
2015-30-11,617,1564
2015-01-12,592,1845
2015-02-12,527,1511
2015-03-12,567,1758
2015-04-12,497,1442
2015-05-12,271,781
2015-06-12,329,934
2015-07-12,652,1755
2015-08-12,698,2104
2015-09-12,753,2305
2015-10-12,647,1938
2015-11-12,508,1364
2015-12-12,276,872
2015-13-12,351,860
2015-14-12,587,1447
2015-15-12,651,2105
2015-16-12,1025,2905
2015-17-12,903,2493
2015-18-12,607,2007
2015-19-12,269,832
2015-20-12,279,802
2015-21-12,508,1441
2015-22-12,524,1647
2015-23-12,446,1355
2015-24-12,316,907
2015-25-12,176,377
2015-26-12,230,690
2015-27-12,224,697
2015-28-12,373,1199
2015-29-12,407,1205
2015-30-12,382,1266
2015-31-12,259,717
2016-01-01,200,517
2016-02-01,207,599
2016-03-01,246,737
2016-04-01,571,1379
2016-05-01,667,1856
2016-06-01,677,2314
2016-07-01,654,1652
2016-08-01,1106,4310
2016-09-01,1291,6250
2016-10-01,491,1789
2016-11-01,873,3002
2016-12-01,798,2467
2016-13-01,751,2478
2016-14-01,1189,4766
2016-15-01,712,2002
2016-16-01,377,1003
2016-17-01,361,1107
2016-18-01,749,2375
2016-19-01,733,2263
2016-20-01,754,2069
2016-21-01,745,2161
2016-22-01,637,2851
2016-23-01,338,1006
2016-24-01,313,799
2016-25-01,668,2369
2016-26-01,747,2633
2016-27-01,728,2089
2016-28-01,649,2013
2016-29-01,530,1470
2016-30-01,276,669
2016-31-01,306,813
2016-01-02,616,1584
2016-02-02,689,1909
2016-03-02,668,2149
2016-04-02,697,1889
2016-05-02,568,1584
2016-06-02,258,556
2016-07-02,306,884
2016-08-02,576,1498
2016-09-02,609,1674
2016-10-02,519,1399
2016-11-02,680,1779
2016-12-02,514,1537
2016-13-02,265,775
2016-14-02,299,850
2016-15-02,574,1433
2016-16-02,563,1468
2016-17-02,586,1664
2016-18-02,563,1599
2016-19-02,424,1103
2016-20-02,210,462
2016-21-02,317,802
2016-22-02,550,1438
2016-23-02,530,1860
2016-24-02,514,2484
2016-25-02,507,2031
2016-26-02,439,1639
2016-27-02,259,712
2016-28-02,327,1192
2016-29-02,614,2453
2016-01-03,651,2213
2016-02-03,608,2153
2016-03-03,653,1992
2016-04-03,507,1520
2016-05-03,304,1209
2016-06-03,292,771
2016-07-03,605,1640
2016-08-03,602,1631
2016-09-03,572,1651
2016-10-03,552,1997
2016-11-03,507,1611
2016-12-03,221,606
2016-13-03,337,821
2016-14-03,573,2055
2016-15-03,591,1425
2016-16-03,679,2250
2016-17-03,618,2038
2016-18-03,516,1389
2016-19-03,270,680
2016-20-03,299,816
2016-21-03,543,1466
2016-22-03,552,1514
2016-23-03,531,1421
2016-24-03,369,1149
2016-25-03,523,1390
2016-26-03,366,902
2016-27-03,315,810
2016-28-03,327,911
2016-29-03,588,1694
2016-30-03,562,1474
2016-31-03,455,1176
2016-01-04,448,1115
2016-02-04,259,724
2016-03-04,357,966
2016-04-04,527,1404
2016-05-04,578,1927
2016-06-04,662,1897
2016-07-04,595,1667
2016-08-04,484,1370
2016-09-04,258,603
2016-10-04,267,745
2016-11-04,517,1460
2016-12-04,490,1258
2016-13-04,572,1435
2016-14-04,481,1259
2016-15-04,411,1141
2016-16-04,259,640
2016-17-04,206,502
2016-18-04,483,1437
2016-19-04,494,1695
2016-20-04,458,1577
2016-21-04,529,1451
2016-22-04,397,962
2016-23-04,227,531
2016-24-04,236,882
2016-25-04,460,1329
2016-26-04,702,2009
2016-27-04,768,2020
2016-28-04,840,2775
2016-29-04,445,1305
2016-30-04,297,992
2016-01-05,271,705
2016-02-05,508,1422
2016-03-05,551,1563
2016-04-05,445,1666
2016-05-05,217,609
2016-06-05,300,898
2016-07-05,299,894
2016-08-05,280,781
2016-09-05,667,1958
2016-10-05,637,2032
2016-11-05,623,1956
2016-12-05,662,1886
2016-13-05,616,1817
2016-14-05,386,1100
2016-15-05,434,1326
2016-16-05,427,1218
2016-17-05,709,2085
2016-18-05,685,2264
2016-19-05,579,1888
2016-20-05,490,1470
2016-21-05,259,669
2016-22-05,601,1124
2016-23-05,571,1511
2016-24-05,557,1389
2016-25-05,486,1226
2016-26-05,428,1299
2016-27-05,380,1123
2016-28-05,255,760
2016-29-05,352,1106
2016-30-05,625,2061
2016-31-05,619,1939
2016-01-06,547,1569
2016-02-06,570,1876
2016-03-06,445,1179
2016-04-06,245,611
2016-05-06,266,799
2016-06-06,536,1440
2016-07-06,548,1541
2016-08-06,546,1655
2016-09-06,495,1440
2016-10-06,432,1087
2016-11-06,190,468
2016-12-06,249,782
2016-13-06,591,1565
2016-14-06,545,1547
2016-15-06,432,1468
2016-16-06,533,1764
2016-17-06,461,1335
2016-18-06,245,702
2016-19-06,243,645
2016-20-06,520,1608
2016-21-06,519,1958
2016-22-06,464,1715
2016-23-06,461,1396
2016-24-06,384,897
2016-25-06,174,570
2016-26-06,191,443
2016-27-06,433,1349
2016-28-06,488,1592
2016-29-06,448,1232
2016-30-06,465,1282
2016-01-07,400,927
2016-02-07,181,533
2016-03-07,207,559
2016-04-07,422,1274
2016-05-07,454,1313
2016-06-07,416,1254
2016-07-07,386,1153
2016-08-07,311,829
2016-09-07,146,298
2016-10-07,146,367
2016-11-07,388,1168
2016-12-07,439,1206
2016-13-07,366,938
2016-14-07,191,560
2016-15-07,212,510
2016-16-07,146,304
2016-17-07,153,393
2016-18-07,398,1101
2016-19-07,416,1093
2016-20-07,434,1331
2016-21-07,406,1192
2016-22-07,375,828
2016-23-07,54,128
2016-24-07,68,206
2016-25-07,332,772
2016-26-07,354,919
2016-27-07,322,882
2016-28-07,291,749
2016-29-07,245,605
2016-30-07,20,30
2016-31-07,8,9
2016-01-08,31,76
2016-02-08,23,33
2016-03-08,21,37
2016-04-08,332,1067
2016-05-08,258,674
2016-06-08,120,367
2016-07-08,132,389
2016-08-08,233,680
2016-09-08,260,628
2016-10-08,268,810
2016-11-08,215,480
2016-12-08,199,454
2016-13-08,115,269
2016-14-08,97,239
2016-15-08,128,336
2016-16-08,229,669
2016-17-08,259,751
2016-18-08,302,800
2016-19-08,82,193
2016-20-08,124,317
2016-21-08,166,479
2016-22-08,300,894
2016-23-08,302,781
2016-24-08,321,777
2016-25-08,317,919
2016-26-08,251,569
2016-27-08,55,114
2016-28-08,146,410
2016-29-08,369,1054
2016-30-08,403,1069
2016-31-08,349,950
2016-01-09,401,1305
2016-02-09,370,942
2016-03-09,190,431
2016-04-09,193,467
2016-05-09,412,991
2016-06-09,433,1164
2016-07-09,432,1095
2016-08-09,419,869
2016-09-09,378,1073
2016-10-09,201,493
2016-11-09,232,540
2016-12-09,471,1214
2016-13-09,533,1688
2016-14-09,509,1534
2016-15-09,348,989
2016-16-09,387,1251
2016-17-09,264,633
2016-18-09,253,687
2016-19-09,463,1265
2016-20-09,486,1341
2016-21-09,459,1291
2016-22-09,454,1310
2016-23-09,444,1368
2016-24-09,213,561
2016-25-09,207,517
2016-26-09,498,1365
2016-27-09,473,1314
2016-28-09,451,1353
2016-29-09,489,1339
2016-30-09,387,1088
2016-01-10,191,460
2016-02-10,224,688
2016-03-10,505,1324
2016-04-10,578,1566
2016-05-10,509,1699
2016-06-10,496,1400
2016-07-10,434,1206
2016-08-10,206,494
2016-09-10,259,629
2016-10-10,514,1494
2016-11-10,482,1516
2016-12-10,550,1947
2016-13-10,464,1771
2016-14-10,386,1148
2016-15-10,304,930
2016-16-10,248,717
2016-17-10,500,1417
2016-18-10,557,1525
2016-19-10,509,1777
2016-20-10,210,586
2016-21-10,448,1370
2016-22-10,227,612
2016-23-10,224,694
2016-24-10,462,1460
2016-25-10,487,1390
2016-26-10,464,1368
2016-27-10,466,1307
2016-28-10,392,1235
2016-29-10,195,588
2016-30-10,161,438
2016-31-10,72,139
2016-01-11,237,486
2016-02-11,458,1444
2016-03-11,329,841
2016-04-11,314,833
2016-05-11,168,433
2016-06-11,223,640
2016-07-11,515,1304
2016-08-11,449,1237
2016-09-11,388,858
2016-10-11,429,1106
2016-11-11,248,642
2016-12-11,242,614
2016-13-11,261,660
2016-14-11,479,1676
2016-15-11,619,1771
2016-16-11,522,1405
2016-17-11,669,1653
2016-18-11,468,1184
2016-19-11,283,773
2016-20-11,289,1024
2016-21-11,539,1350
2016-22-11,624,1869
2016-23-11,610,2055
2016-24-11,529,1559
2016-25-11,492,1530
2016-26-11,246,628
2016-27-11,316,725
2016-28-11,543,1553
2016-29-11,553,1583
2016-30-11,550,1790
2016-01-12,417,1011
2016-02-12,417,1150
2016-03-12,272,917
2016-04-12,282,832
2016-05-12,517,1298
2016-06-12,503,1507
2016-07-12,507,1483
2016-08-12,454,1267
2016-09-12,463,1487
2016-10-12,271,623
2016-11-12,358,937
2016-12-12,481,1241
2016-13-12,617,1844
2016-14-12,522,1570
2016-15-12,501,1441
2016-16-12,464,1322
2016-17-12,225,617
2016-18-12,230,580
2016-19-12,436,1648
2016-20-12,497,1683
2016-21-12,444,1343
2016-22-12,387,1236
2016-23-12,305,1112
2016-24-12,142,367
2016-25-12,129,338
2016-26-12,274,789
2016-27-12,294,755
2016-28-12,318,963
2016-29-12,284,789
2016-30-12,260,919
2016-31-12,146,349
2017-01-01,25,48
2017-02-01,380,1185
2017-03-01,475,1329
2017-04-01,501,1499
2017-05-01,492,1370
2017-06-01,439,1232
2017-07-01,271,766
2017-08-01,281,842
2017-09-01,617,1805
2017-10-01,661,2184
2017-11-01,589,1844
2017-12-01,551,1445
2017-13-01,474,1180
2017-14-01,289,811
2017-15-01,298,830
2017-16-01,560,1706
2017-17-01,569,1771
2017-18-01,552,1456
2017-19-01,459,1451
2017-20-01,474,1260
2017-21-01,286,739
2017-22-01,281,666
2017-23-01,538,1629
2017-24-01,568,1580
2017-25-01,617,1707
2017-26-01,668,1840
2017-27-01,1091,3810
2017-28-01,849,3243
2017-29-01,597,1922
2017-30-01,738,2363
2017-31-01,1005,3597
2017-01-02,2080,8759
2017-02-02,1721,7202
2017-03-02,946,3758
2017-04-02,962,3682
2017-05-02,878,3860
2017-06-02,797,2544
2017-07-02,805,2872
2017-08-02,869,3182
2017-09-02,837,3047
2017-10-02,639,2138
2017-11-02,387,1340
2017-12-02,420,1390
2017-13-02,632,1925
2017-14-02,635,2290
2017-15-02,605,2140
2017-16-02,590,1710
2017-17-02,530,1601
2017-18-02,318,908
2017-19-02,317,1165
2017-20-02,527,1583
2017-21-02,522,1518
2017-22-02,713,2267
2017-23-02,698,1879
2017-24-02,551,1740
2017-25-02,323,1111
2017-26-02,363,1141
2017-27-02,512,1389
2017-28-02,582,1740
2017-01-03,643,1763
2017-02-03,612,1805
2017-03-03,550,1579
2017-04-03,342,976
2017-05-03,484,1391
2017-06-03,572,1783
2017-07-03,446,1128
2017-08-03,359,961
2017-09-03,414,1281
2017-10-03,748,3368
2017-11-03,367,1473
2017-12-03,467,1497
2017-13-03,559,1671
2017-14-03,562,1736
2017-15-03,501,1390
2017-16-03,499,1347
2017-17-03,406,1115
2017-18-03,275,820
2017-19-03,305,1038
2017-20-03,467,1235
2017-21-03,457,1346
2017-22-03,518,1520
2017-23-03,461,1379
2017-24-03,439,1122
2017-25-03,237,717
2017-26-03,269,715
2017-27-03,440,1257
2017-28-03,418,1253
2017-29-03,388,1171
2017-30-03,378,1264
2017-31-03,305,821
2017-01-04,215,495
2017-02-04,255,674
2017-03-04,366,1002
2017-04-04,379,1242
2017-05-04,345,933
2017-06-04,349,940
2017-07-04,240,545
2017-08-04,132,259
2017-09-04,173,525
2017-10-04,371,946
2017-11-04,377,1011
2017-12-04,308,912
2017-13-04,356,934
2017-14-04,312,798
2017-15-04,184,448
2017-16-04,203,542
2017-17-04,191,529
2017-18-04,364,1093
2017-19-04,360,997
2017-20-04,352,941
2017-21-04,307,804
2017-22-04,190,556
2017-23-04,249,598
2017-24-04,460,1346
2017-25-04,460,1135
2017-26-04,404,1183
2017-27-04,347,904
2017-28-04,304,730
2017-29-04,180,498
2017-30-04,204,574
2017-01-05,255,666
2017-02-05,383,958
2017-03-05,324,839
2017-04-05,370,909
2017-05-05,318,921
2017-06-05,246,664
2017-07-05,360,917
2017-08-05,521,1299
2017-09-05,504,1339
2017-10-05,472,1552
2017-11-05,659,1835
2017-12-05,512,1679
2017-13-05,312,910
