date,users,pageviews
2009-09-14,13069,170309
2009-09-15,10910,128512
2009-09-16,6070,69112
2009-09-17,7613,105703
2009-09-18,3404,40542
2009-09-19,1501,18134
2009-09-20,1749,17860
2009-09-21,1723,18437
2009-09-22,1448,13513
2009-09-23,1471,18087
2009-09-24,1768,20206
2009-09-25,2155,23421
2009-09-26,2276,26473
2009-09-27,1545,12749
2009-09-28,1712,16325
2009-09-29,1084,9565
2009-09-30,895,8523
2009-10-01,958,8606
2009-10-02,1018,9202
2009-10-03,491,5058
2009-10-04,508,4090
2009-10-05,825,6434
2009-10-06,872,4815
2009-10-07,1520,12477
2009-10-08,901,6612
2009-10-09,707,5259
2009-10-10,505,3867
2009-10-11,632,6136
2009-10-12,779,5364
2009-10-13,772,5378
2009-10-14,669,4285
2009-10-15,720,4385
2009-10-16,621,4048
2009-10-17,368,2731
2009-10-18,431,3639
2009-10-19,677,3773
2009-10-20,603,4459
2009-10-21,745,4533
2009-10-22,765,6303
2009-10-23,953,9483
2009-10-24,782,5656
2009-10-25,735,5417
2009-10-26,1011,7585
2009-10-27,1045,7495
2009-10-28,699,4925
2009-10-29,699,4810
2009-10-30,520,4085
2009-10-31,310,2722
2009-11-01,396,4027
2009-11-02,697,3668
2009-11-03,797,5925
2009-11-04,780,5135
2009-11-05,804,4537
2009-11-06,702,5457
2009-11-07,477,3594
2009-11-08,526,3870
2009-11-09,690,4157
2009-11-10,569,3397
2009-11-11,620,3635
2009-11-12,846,5237
2009-11-13,948,6261
2009-11-14,605,4456
2009-11-15,656,4332
2009-11-16,989,5967
2009-11-17,785,5092
2009-11-18,673,3667
2009-11-19,731,3660
2009-11-20,667,3089
2009-11-21,386,2481
2009-11-22,563,2861
2009-11-23,780,3331
2009-11-24,824,3968
2009-11-25,865,4429
2009-11-26,725,3392
2009-11-27,556,3012
2009-11-28,530,2447
2009-11-29,709,2453
2009-11-30,788,3333
2009-12-01,648,3161
2009-12-02,739,3663
2009-12-03,709,3691
2009-12-04,871,6986
2009-12-05,821,8160
2009-12-06,553,2503
2009-12-07,846,3608
2009-12-08,1405,9765
2009-12-09,888,5493
2009-12-10,855,4515
2009-12-11,827,4195
2009-12-12,581,2909
2009-12-13,473,3027
2009-12-14,1246,7838
2009-12-15,755,4542
2009-12-16,551,3400
2009-12-17,648,3646
2009-12-18,620,3325
2009-12-19,361,1892
2009-12-20,296,1884
2009-12-21,509,2295
2009-12-22,601,3036
2009-12-23,413,1993
2009-12-24,317,1795
2009-12-25,210,1640
2009-12-26,272,1842
2009-12-27,269,2073
2009-12-28,610,2524
2009-12-29,615,2517
2009-12-30,363,1581
2009-12-31,294,1446
2010-01-01,369,1557
2010-01-02,488,2708
2010-01-03,395,2039
2010-01-04,679,2808
2010-01-05,567,3090
2010-01-06,422,2120
2010-01-07,447,2004
2010-01-08,447,1908
2010-01-09,347,1564
2010-01-10,612,2003
2010-01-11,1072,4947
2010-01-12,1111,6422
2010-01-13,726,4357
2010-01-14,797,4555
2010-01-15,1365,5558
2010-01-16,1189,7368
2010-01-17,1246,7724
2010-01-18,988,5499
2010-01-19,618,3339
2010-01-20,758,4439
2010-01-21,709,3945
2010-01-22,510,2555
2010-01-23,397,2288
2010-01-24,367,2010
2010-01-25,573,2298
2010-01-26,598,3211
2010-01-27,786,4623
2010-01-28,668,3177
2010-01-29,610,2795
2010-01-30,361,1528
2010-01-31,430,2135
2010-02-01,828,3568
2010-02-02,846,4351
2010-02-03,782,3189
2010-02-04,600,2764
2010-02-05,555,2243
2010-02-06,409,1950
2010-02-07,755,2673
2010-02-08,1279,4518
2010-02-09,1230,6612
2010-02-10,1067,5652
2010-02-11,1134,6370
2010-02-12,783,3638
2010-02-13,416,2428
2010-02-14,502,2212
2010-02-15,755,3484
2010-02-16,795,3773
2010-02-17,910,4098
2010-02-18,671,3367
2010-02-19,647,2825
2010-02-20,335,1479
2010-02-21,330,1198
2010-02-22,652,2694
2010-02-23,664,2797
2010-02-24,687,2993
2010-02-25,497,2366
2010-02-26,513,2859
2010-02-27,293,2224
2010-02-28,576,2201
2010-03-01,594,2077
2010-03-02,547,2705
2010-03-03,521,2813
2010-03-04,579,2979
2010-03-05,448,1886
2010-03-06,307,1477
2010-03-07,278,1939
2010-03-08,535,2015
2010-03-09,553,2548
2010-03-10,1429,10920
2010-03-11,710,3683
2010-03-12,477,1968
2010-03-13,269,1416
2010-03-14,330,1505
2010-03-15,599,2105
2010-03-16,527,1963
2010-03-17,470,2266
2010-03-18,588,1919
2010-03-19,464,2177
2010-03-20,268,1565
2010-03-21,277,1504
2010-03-22,585,2292
2010-03-23,549,2776
2010-03-24,511,2610
2010-03-25,500,2167
2010-03-26,475,2423
2010-03-27,284,1784
2010-03-28,418,1795
2010-03-29,530,2628
2010-03-30,481,2312
2010-03-31,665,2810
2010-04-01,589,2590
2010-04-02,487,2426
2010-04-03,201,977
2010-04-04,270,1397
2010-04-05,283,1436
2010-04-06,634,2513
2010-04-07,556,2878
2010-04-08,599,2592
2010-04-09,565,3539
2010-04-10,326,1407
2010-04-11,472,2024
2010-04-12,787,2567
2010-04-13,549,2512
2010-04-14,438,2030
2010-04-15,411,1467
2010-04-16,481,1926
2010-04-17,174,1475
2010-04-18,211,1213
2010-04-19,602,2728
2010-04-20,684,3136
2010-04-21,476,2723
2010-04-22,531,2027
2010-04-23,404,2077
2010-04-24,203,821
2010-04-25,198,930
2010-04-26,528,2288
2010-04-27,493,2060
2010-04-28,631,3079
2010-04-29,679,3253
2010-04-30,525,2335
2010-05-01,268,1609
2010-05-02,313,1547
2010-05-03,603,2620
2010-05-04,666,4037
2010-05-05,745,4165
2010-05-06,642,4085
2010-05-07,651,4073
2010-05-08,267,1769
2010-05-09,329,1451
2010-05-10,756,4127
2010-05-11,649,3388
2010-05-12,628,3500
2010-05-13,333,1791
2010-05-14,369,1906
2010-05-15,257,1298
2010-05-16,253,1315
2010-05-17,684,3811
2010-05-18,622,3468
2010-05-19,715,4270
2010-05-20,751,4481
2010-05-21,618,3077
2010-05-22,236,1235
2010-05-23,226,1378
2010-05-24,348,2061
2010-05-25,567,2860
2010-05-26,558,2628
2010-05-27,536,2766
2010-05-28,519,2295
2010-05-29,315,1640
2010-05-30,345,2253
2010-05-31,590,2990
2010-06-01,604,2395
2010-06-02,614,2804
2010-06-03,583,2183
2010-06-04,492,1818
2010-06-05,261,1323
2010-06-06,321,1722
2010-06-07,621,2752
2010-06-08,707,3040
2010-06-09,761,4179
2010-06-10,668,3034
2010-06-11,499,2352
2010-06-12,228,1187
2010-06-13,270,1004
2010-06-14,563,2561
2010-06-15,540,2017
2010-06-16,531,2242
2010-06-17,834,4055
2010-06-18,545,2317
2010-06-19,240,1149
2010-06-20,227,1133
2010-06-21,497,1923
2010-06-22,438,1622
2010-06-23,542,2302
2010-06-24,468,1993
2010-06-25,598,2648
2010-06-26,354,2271
2010-06-27,257,1131
2010-06-28,693,2088
2010-06-29,592,2945
2010-06-30,601,2894
2010-07-01,562,3086
2010-07-02,670,2094
2010-07-03,352,826
2010-07-04,523,1950
2010-07-05,557,2147
2010-07-06,528,3203
2010-07-07,517,2369
2010-07-08,485,1693
2010-07-09,447,2208
2010-07-10,191,646
2010-07-11,182,908
2010-07-12,504,2156
2010-07-13,488,2029
2010-07-14,407,1256
2010-07-15,539,1891
2010-07-16,494,1636
2010-07-17,319,1120
2010-07-18,284,1048
2010-07-19,619,2066
2010-07-20,567,1841
2010-07-21,3765,24419
2010-07-22,9952,72833
2010-07-23,11462,75574
2010-07-24,2438,16308
2010-07-25,2919,21207
2010-07-26,1647,9370
2010-07-27,1604,8468
2010-07-28,1126,6807
2010-07-29,704,3413
2010-07-30,459,2289
2010-07-31,265,1416
2010-08-01,263,1387
2010-08-02,485,2045
2010-08-03,454,2222
2010-08-04,508,2612
2010-08-05,1081,7203
2010-08-06,1195,8658
2010-08-07,351,2057
2010-08-08,295,1699
2010-08-09,575,3029
2010-08-10,459,2341
2010-08-11,524,2889
2010-08-12,439,2239
2010-08-13,382,1851
2010-08-14,223,861
2010-08-15,263,1046
2010-08-16,528,2419
2010-08-17,555,2575
2010-08-18,423,2289
2010-08-19,413,2124
2010-08-20,329,1438
2010-08-21,179,769
2010-08-22,215,1078
2010-08-23,524,2096
2010-08-24,460,1888
2010-08-25,456,1905
2010-08-26,634,2897
2010-08-27,477,2383
2010-08-28,193,770
2010-08-29,241,1908
2010-08-30,506,2446
2010-08-31,497,1638
2010-09-01,516,1638
2010-09-02,490,1733
2010-09-03,420,1505
2010-09-04,190,917
2010-09-05,246,1129
2010-09-06,557,2279
2010-09-07,3054,28688
2010-09-08,1606,12659
2010-09-09,723,4021
2010-09-10,970,6987
2010-09-11,532,3287
2010-09-12,653,5067
2010-09-13,1034,5594
2010-09-14,834,3934
2010-09-15,941,4602
2010-09-16,919,3638
2010-09-17,701,2601
2010-09-18,358,1732
2010-09-19,365,1881
2010-09-20,802,3011
2010-09-21,726,3170
2010-09-22,696,2652
2010-09-23,658,2680
2010-09-24,613,2611
2010-09-25,296,1472
2010-09-26,338,2038
2010-09-27,637,2829
2010-09-28,620,2944
2010-09-29,636,3370
2010-09-30,2356,12618
2010-10-01,1243,6163
2010-10-02,631,2987
2010-10-03,494,2553
2010-10-04,102,395
2010-10-05,1044,4551
2010-10-06,1017,4024
2010-10-07,935,4253
2010-10-08,714,2964
2010-10-09,394,1635
2010-10-10,402,1574
2010-10-11,932,3083
2010-10-12,832,2821
2010-10-13,820,3051
2010-10-14,910,3433
2010-10-15,797,2515
2010-10-16,469,1890
2010-10-17,1331,5152
2010-10-18,1537,5383
2010-10-19,1253,4493
2010-10-20,1151,4384
2010-10-21,939,3531
2010-10-22,930,3386
2010-10-23,576,2158
2010-10-24,613,2200
2010-10-25,1030,3615
2010-10-26,980,3885
2010-10-27,1142,4021
2010-10-28,1013,3606
2010-10-29,973,3668
2010-10-30,510,2067
2010-10-31,515,1940
2010-11-01,668,2716
2010-11-02,1026,3337
2010-11-03,1056,3604
2010-11-04,2541,8955
2010-11-05,1438,5533
2010-11-06,853,3398
2010-11-07,756,2766
2010-11-08,1138,3920
2010-11-09,1016,3289
2010-11-10,1090,3768
2010-11-11,764,2790
2010-11-12,812,2685
2010-11-13,616,1624
2010-11-14,767,2659
2010-11-15,1349,3838
2010-11-16,1381,4447
2010-11-17,1429,4529
2010-11-18,1620,5232
2010-11-19,1277,4055
2010-11-20,802,2502
2010-11-21,769,2708
2010-11-22,1738,5711
2010-11-23,1361,4377
2010-11-24,1434,4420
2010-11-25,1834,7792
2010-11-26,1599,6197
2010-11-27,829,2801
2010-11-28,897,3388
2010-11-29,1516,5101
2010-11-30,1574,5162
2010-12-01,1799,6106
2010-12-02,1430,4328
2010-12-03,1233,3647
2010-12-04,805,2619
2010-12-05,866,2455
2010-12-06,1339,3837
2010-12-07,1229,3724
2010-12-08,1129,3565
2010-12-09,1111,3551
2010-12-10,954,2623
2010-12-11,626,2014
2010-12-12,630,2335
2010-12-13,1270,4005
2010-12-14,1194,3847
2010-12-15,1257,3984
2010-12-16,1343,4748
2010-12-17,1348,5150
2010-12-18,731,2415
2010-12-19,839,2858
2010-12-20,1231,3858
2010-12-21,1362,5148
2010-12-22,1201,5079
2010-12-23,801,2715
2010-12-24,438,1709
2010-12-25,247,1001
2010-12-26,367,1428
2010-12-27,580,2030
2010-12-28,648,2213
2010-12-29,623,2156
2010-12-30,584,1970
2010-12-31,379,1408
2011-01-01,284,987
2011-01-02,439,1640
2011-01-03,843,2648
2011-01-04,965,2836
2011-01-05,882,2637
2011-01-06,1101,4564
2011-01-07,1065,4181
2011-01-08,632,3699
2011-01-09,750,3988
2011-01-10,1085,3969
2011-01-11,1080,4326
2011-01-12,1024,3782
2011-01-13,1034,4121
2011-01-14,1195,5725
2011-01-15,568,2131
2011-01-16,580,2146
2011-01-17,1124,3700
2011-01-18,1110,3669
2011-01-19,1106,3410
2011-01-20,1284,6247
2011-01-21,1286,6832
2011-01-22,761,3788
2011-01-23,1125,4149
2011-01-24,1697,6626
2011-01-25,1099,4334
2011-01-26,1049,3672
2011-01-27,1060,3745
2011-01-28,1027,4142
2011-01-29,608,2457
2011-01-30,593,2082
2011-01-31,1119,3851
2011-02-01,1013,3896
2011-02-02,1936,9325
2011-02-03,1374,5674
2011-02-04,1255,5872
2011-02-05,672,2728
2011-02-06,636,2830
2011-02-07,1263,4324
2011-02-08,1336,5089
2011-02-09,1566,5598
2011-02-10,1501,5161
2011-02-11,1214,4305
2011-02-12,682,2406
2011-02-13,864,2791
2011-02-14,1356,4269
2011-02-15,1514,5305
2011-02-16,1501,5062
2011-02-17,1303,4442
2011-02-18,1167,4145
2011-02-19,808,3090
2011-02-20,819,3018
2011-02-21,1224,3918
2011-02-22,1281,4275
2011-02-23,1135,3632
2011-02-24,1178,3679
2011-02-25,990,3069
2011-02-26,572,1912
2011-02-27,701,2432
2011-02-28,1176,3961
2011-03-01,1084,3811
2011-03-02,917,2964
2011-03-03,997,3669
2011-03-04,1509,4091
2011-03-05,521,1651
2011-03-06,537,1923
2011-03-07,1051,3479
2011-03-08,1097,3753
2011-03-09,1196,4243
2011-03-10,1040,3555
2011-03-11,1060,3514
2011-03-12,700,2077
2011-03-13,786,2456
2011-03-14,1217,4068
2011-03-15,1165,3811
2011-03-16,1129,3686
2011-03-17,1977,10148
2011-03-18,1169,4526
2011-03-19,620,2319
2011-03-20,669,2045
2011-03-21,1255,3849
2011-03-22,1140,3433
2011-03-23,1214,4686
2011-03-24,1347,5647
2011-03-25,1017,3327
2011-03-26,574,1837
2011-03-27,758,2327
2011-03-28,1390,4260
2011-03-29,1235,4228
2011-03-30,1597,6231
2011-03-31,1327,5078
2011-04-01,1048,3725
2011-04-02,692,3101
2011-04-03,694,2865
2011-04-04,1172,4014
2011-04-05,1230,4256
2011-04-06,1150,4495
2011-04-07,1009,3289
2011-04-08,889,2878
2011-04-09,465,1609
2011-04-10,506,1857
2011-04-11,1096,3774
2011-04-12,1004,3269
2011-04-13,1054,4173
2011-04-14,1176,4357
2011-04-15,1129,3960
2011-04-16,642,2229
2011-04-17,643,1995
2011-04-18,1304,4226
2011-04-19,1212,3911
2011-04-20,1191,3426
2011-04-21,943,3031
2011-04-22,805,2603
2011-04-23,452,1677
2011-04-24,510,1825
2011-04-25,610,2202
2011-04-26,990,3260
2011-04-27,1001,3709
2011-04-28,1118,3542
2011-04-29,974,3189
2011-04-30,547,1741
2011-05-01,584,2045
2011-05-02,1003,3082
2011-05-03,1173,3777
2011-05-04,1081,4051
2011-05-05,1095,4085
2011-05-06,876,2971
2011-05-07,503,1835
2011-05-08,552,1730
2011-05-09,1030,3198
2011-05-10,1051,3175
2011-05-11,1176,3377
2011-05-12,1165,4210
2011-05-13,932,3088
2011-05-14,650,2382
2011-05-15,514,1559
2011-05-16,1034,3298
2011-05-17,971,3386
2011-05-18,1206,3562
2011-05-19,985,3308
2011-05-20,844,2620
2011-05-21,450,1375
2011-05-22,602,1919
2011-05-23,1124,3860
2011-05-24,1224,3804
2011-05-25,1068,3656
2011-05-26,2311,7249
2011-05-27,964,3265
2011-05-28,512,1514
2011-05-29,522,1582
2011-05-30,999,3337
2011-05-31,958,3253
2011-06-01,926,3609
2011-06-02,585,2108
2011-06-03,591,2371
2011-06-04,791,4154
2011-06-05,740,3304
2011-06-06,1253,4845
2011-06-07,1176,4958
2011-06-08,1165,4644
2011-06-09,1078,3932
2011-06-10,994,3302
2011-06-11,543,2054
2011-06-12,516,1833
2011-06-13,899,3579
2011-06-14,1371,4549
2011-06-15,1252,4319
2011-06-16,1086,3899
2011-06-17,974,3097
2011-06-18,517,1534
2011-06-19,654,2532
2011-06-20,1303,4380
2011-06-21,1247,4783
2011-06-22,1088,4066
2011-06-23,1037,3235
2011-06-24,909,2793
2011-06-25,475,1549
2011-06-26,473,1930
2011-06-27,1014,3361
2011-06-28,972,3194
2011-06-29,1198,4041
2011-06-30,966,3123
2011-07-01,734,2190
2011-07-02,403,1241
2011-07-03,458,1460
2011-07-04,867,2897
2011-07-05,920,2998
2011-07-06,888,3269
2011-07-07,865,3502
2011-07-08,862,2908
2011-07-09,412,1489
2011-07-10,438,1304
2011-07-11,1023,3415
2011-07-12,943,3673
2011-07-13,925,3494
2011-07-14,482,1758
2011-07-15,573,2026
2011-07-16,474,2055
2011-07-17,475,1690
2011-07-18,1040,3725
2011-07-19,1063,4014
2011-07-20,1021,3853
2011-07-21,885,2931
2011-07-22,692,2678
2011-07-23,395,1302
2011-07-24,424,1485
2011-07-25,863,3063
2011-07-26,999,4061
2011-07-27,1078,4082
2011-07-28,973,3965
2011-07-29,838,3557
2011-07-30,514,2170
2011-07-31,615,2749
2011-08-01,852,2872
2011-08-02,1899,9065
2011-08-03,22930,104153
2011-08-04,8680,37706
2011-08-05,3001,13013
2011-08-06,1798,7848
2011-08-07,1294,6723
2011-08-08,1307,5435
2011-08-09,964,3699
2011-08-10,902,3212
2011-08-11,839,3081
2011-08-12,802,2828
2011-08-13,567,2048
2011-08-14,596,2487
2011-08-15,735,2709
2011-08-16,860,2890
2011-08-17,940,3425
2011-08-18,1084,3908
2011-08-19,977,3042
2011-08-20,682,2152
2011-08-21,723,2352
2011-08-22,1202,4088
2011-08-23,1174,3886
2011-08-24,1117,3333
2011-08-25,1416,4673
2011-08-26,1156,4288
2011-08-27,834,2931
2011-08-28,922,3375
2011-08-29,1465,5342
2011-08-30,1602,5079
2011-08-31,1658,5226
2011-09-01,1608,4742
2011-09-02,1553,5198
2011-09-03,1152,3657
2011-09-04,1344,4059
2011-09-05,2070,6541
2011-09-06,1946,6199
2011-09-07,2234,7526
2011-09-08,2314,7306
2011-09-09,2276,6781
2011-09-10,1340,4504
2011-09-11,1528,4769
2011-09-12,2370,7709
2011-09-13,2226,6915
2011-09-14,2190,7225
2011-09-15,2151,6700
2011-09-16,1941,5665
2011-09-17,1661,5581
2011-09-18,1747,5881
2011-09-19,2504,8073
2011-09-20,2239,6762
2011-09-21,2460,8331
2011-09-22,4485,21037
2011-09-23,3896,16300
2011-09-24,1964,6988
2011-09-25,2108,7351
2011-09-26,3401,12165
2011-09-27,3192,10939
2011-09-28,3226,11583
2011-09-29,3285,11533
2011-09-30,2954,9900
2011-10-01,1939,6659
2011-10-02,2612,9581
2011-10-03,4253,14053
2011-10-04,3941,13359
2011-10-05,3878,12790
2011-10-06,4190,13393
2011-10-07,4100,14101
2011-10-08,2781,9913
2011-10-09,3080,9976
2011-10-10,3831,12814
2011-10-11,3693,12699
2011-10-12,3729,12067
2011-10-13,3665,12024
2011-10-14,3130,9984
2011-10-15,2318,7596
2011-10-16,2291,7012
2011-10-17,3869,11871
2011-10-18,4542,18090
2011-10-19,3782,12095
2011-10-20,3681,12222
2011-10-21,3478,11404
2011-10-22,2586,8516
2011-10-23,2593,8695
2011-10-24,4115,13668
2011-10-25,4093,13346
2011-10-26,3623,12586
2011-10-27,3646,12642
2011-10-28,3161,11155
2011-10-29,2373,8044
2011-10-30,2285,7681
2011-10-31,3287,11157
2011-11-01,3412,11949
2011-11-02,4034,13176
2011-11-03,4025,13002
2011-11-04,3497,11876
2011-11-05,2338,8268
2011-11-06,3332,12618
2011-11-07,3240,12102
2011-11-08,4819,17010
2011-11-09,4551,15664
2011-11-10,4030,13797
2011-11-11,3334,11768
2011-11-12,2860,9885
2011-11-13,3307,11618
2011-11-14,5448,17884
2011-11-15,5513,17584
2011-11-16,5271,17519
2011-11-17,4938,16445
2011-11-18,4545,14452
2011-11-19,3464,11554
2011-11-20,3773,12178
2011-11-21,5256,17384
2011-11-22,5007,16278
2011-11-23,5614,18664
2011-11-24,5696,19819
2011-11-25,4881,16202
2011-11-26,3747,11908
2011-11-27,4136,14389
2011-11-28,5830,18717
2011-11-29,5705,20175
2011-11-30,5428,18637
2011-12-01,5622,20269
2011-12-02,5910,22948
2011-12-03,4865,20214
2011-12-04,4683,19932
2011-12-05,8428,35280
2011-12-06,7444,35418
2011-12-07,7639,39742
2011-12-08,8078,46319
2011-12-09,8641,52281
2011-12-10,8008,51035
2011-12-11,9014,59161
2011-12-12,12819,85371
2011-12-13,15476,103986
2011-12-14,16938,121903
2011-12-15,12176,80444
2011-12-16,9685,68293
2011-12-17,11898,87927
2011-12-18,13541,98722
2011-12-19,12415,84889
2011-12-20,14841,102757
2011-12-21,16527,117479
2011-12-22,13970,98186
2011-12-23,11300,79794
2011-12-24,6348,44456
2011-12-25,4409,29200
2011-12-26,8519,59686
2011-12-27,10051,73395
2011-12-28,11070,84155
2011-12-29,11249,83404
2011-12-30,12484,92866
2011-12-31,9348,66849
2012-01-01,6327,41832
2012-01-02,12426,88767
2012-01-03,14222,97621
2012-01-04,15207,104213
2012-01-05,18457,118701
2012-01-06,15221,106352
2012-01-07,12706,89456
2012-01-08,14895,103298
2012-01-09,24736,154064
2012-01-10,16665,113455
2012-01-11,14328,95542
2012-01-12,13110,86696
2012-01-13,13345,86529
2012-01-14,10086,69539
2012-01-15,10947,75343
2012-01-16,14952,99558
2012-01-17,13337,89815
2012-01-18,13247,88274
2012-01-19,12537,82618
2012-01-20,11767,80416
2012-01-21,9865,69988
2012-01-22,9767,63419
2012-01-23,12551,81958
2012-01-24,10436,66365
2012-01-25,10549,68733
2012-01-26,9790,62131
2012-01-27,8499,53235
2012-01-28,6788,42528
2012-01-29,7657,48411
2012-01-30,9823,61797
2012-01-31,8769,56904
2012-02-01,8361,53470
2012-02-02,7616,43720
2012-02-03,7000,40978
2012-02-04,5687,35383
2012-02-05,6219,38698
2012-02-06,7832,47694
2012-02-07,7568,45220
2012-02-08,8543,50242
2012-02-09,7139,43231
2012-02-10,6242,36878
2012-02-11,5020,29661
2012-02-12,4937,29216
2012-02-13,6439,36718
2012-02-14,5930,33210
2012-02-15,5479,30841
2012-02-16,5346,29370
2012-02-17,4678,26635
2012-02-18,3651,21690
2012-02-19,3787,23046
2012-02-20,6106,33323
2012-02-21,5139,27945
2012-02-22,4537,24350
2012-02-23,4363,23879
2012-02-24,3729,21481
2012-02-25,3226,19002
2012-02-26,3251,18132
2012-02-27,4331,24589
2012-02-28,4102,22524
2012-02-29,3842,21600
2012-03-01,3404,19039
2012-03-02,3274,18742
2012-03-03,2558,14578
2012-03-04,2825,16584
2012-03-05,4026,22896
2012-03-06,3846,20404
2012-03-07,3620,19636
2012-03-08,3315,16626
2012-03-09,2663,14067
2012-03-10,2341,14078
2012-03-11,2358,13665
2012-03-12,3379,18720
2012-03-13,2984,15980
2012-03-14,2889,14052
2012-03-15,2652,13224
2012-03-16,2561,13218
2012-03-17,2043,11882
2012-03-18,2509,14666
2012-03-19,3357,18346
2012-03-20,2937,15692
2012-03-21,2663,13139
2012-03-22,2309,11204
2012-03-23,2057,9482
2012-03-24,1520,7666
2012-03-25,1558,7271
2012-03-26,2472,11472
2012-03-27,2087,9744
2012-03-28,2173,9485
2012-03-29,2094,8955
2012-03-30,1802,8134
2012-03-31,1377,6875
2012-04-01,1465,7464
2012-04-02,2188,10462
2012-04-03,2047,10017
2012-04-04,2173,10206
2012-04-05,2016,10011
2012-04-06,1629,7497
2012-04-07,1294,6566
2012-04-08,1216,5441
2012-04-09,1476,7004
2012-04-10,2216,10151
2012-04-11,1787,7804
2012-04-12,1713,7917
2012-04-13,1894,8016
2012-04-14,1266,6064
2012-04-15,1442,6710
2012-04-16,2023,9683
2012-04-17,2108,10805
2012-04-18,3471,16204
2012-04-19,2698,13111
2012-04-20,1996,10208
2012-04-21,1810,10923
2012-04-22,2036,9838
2012-04-23,3126,14422
2012-04-24,3022,15487
2012-04-25,2547,12953
2012-04-26,3124,15151
2012-04-27,2536,12843
2012-04-28,1947,9668
2012-04-29,1847,9481
2012-04-30,1918,9653
2012-05-01,1723,8775
2012-05-02,2389,11835
2012-05-03,2314,11309
2012-05-04,2157,9869
2012-05-05,1769,9712
2012-05-06,3029,13797
2012-05-07,4987,23140
2012-05-08,4568,23803
2012-05-09,4834,24457
2012-05-10,3780,17716
2012-05-11,3903,20104
2012-05-12,3456,18858
2012-05-13,3294,17437
2012-05-14,3990,19221
2012-05-15,3795,16520
2012-05-16,5331,20946
2012-05-17,4304,18561
2012-05-18,4347,20926
2012-05-19,3314,14935
2012-05-20,3437,16078
2012-05-21,5462,24893
2012-05-22,4554,20804
2012-05-23,8917,46924
2012-05-24,7749,46891
2012-05-25,5820,34728
2012-05-26,4714,30786
2012-05-27,2756,15259
2012-05-28,3429,18935
2012-05-29,4426,19712
2012-05-30,3860,17056
2012-05-31,3700,16233
2012-06-01,4095,20944
2012-06-02,2618,13369
2012-06-03,3003,15183
2012-06-04,5639,24249
2012-06-05,5375,27788
2012-06-06,5266,25070
2012-06-07,6762,37032
2012-06-08,5759,28667
2012-06-09,4823,24059
2012-06-10,19605,69744
2012-06-11,11376,42178
2012-06-12,5088,23029
2012-06-13,4415,19939
2012-06-14,3694,17902
2012-06-15,4935,27508
2012-06-16,10609,66567
2012-06-17,20023,79913
2012-06-18,15742,49575
2012-06-19,6559,22286
2012-06-20,4307,14940
2012-06-21,4275,15797
2012-06-22,2904,10988
2012-06-23,1748,6867
2012-06-24,1940,6761
2012-06-25,2585,9590
2012-06-26,2696,10660
2012-06-27,2819,10538
2012-06-28,2382,9637
2012-06-29,1833,7201
2012-06-30,1580,6480
2012-07-01,1528,5893
2012-07-02,2295,9861
2012-07-03,2591,11611
2012-07-04,2183,9381
2012-07-05,2013,7947
2012-07-06,1655,6817
2012-07-07,1073,4575
2012-07-08,1027,4137
2012-07-09,1588,6487
2012-07-10,1518,5921
2012-07-11,1623,6225
2012-07-12,1573,6600
2012-07-13,1394,5653
2012-07-14,800,2961
2012-07-15,833,3307
2012-07-16,1522,5953
2012-07-17,1533,6962
2012-07-18,1524,7523
2012-07-19,1655,8143
2012-07-20,1742,7943
2012-07-21,821,3832
2012-07-22,762,3500
2012-07-23,1367,5884
2012-07-24,1647,7210
2012-07-25,1684,7910
2012-07-26,1587,7506
2012-07-27,1283,5969
2012-07-28,791,3465
2012-07-29,788,4094
2012-07-30,1365,6735
2012-07-31,1339,6441
2012-08-01,1120,4900
2012-08-02,1108,4608
2012-08-03,893,4292
2012-08-04,550,1975
2012-08-05,671,2692
2012-08-06,1001,4214
2012-08-07,928,4022
2012-08-08,875,3498
2012-08-09,785,2572
2012-08-10,715,2864
2012-08-11,422,1478
2012-08-12,456,2125
2012-08-13,784,3802
2012-08-14,846,2911
2012-08-15,561,2383
2012-08-16,806,3152
2012-08-17,694,2651
2012-08-18,415,1804
2012-08-19,485,2188
2012-08-20,876,3631
2012-08-21,938,4118
2012-08-22,920,3841
2012-08-23,1031,4482
2012-08-24,903,4035
2012-08-25,647,2837
2012-08-26,2112,10612
2012-08-27,3674,19462
2012-08-28,2248,11181
2012-08-29,1585,6996
2012-08-30,5808,32665
2012-08-31,2074,10434
2012-09-01,685,3109
2012-09-02,789,3707
2012-09-03,1688,6830
2012-09-04,1383,5110
2012-09-05,1388,5339
2012-09-06,1377,5454
2012-09-07,1180,4262
2012-09-08,640,2297
2012-09-09,726,2592
2012-09-10,1461,5536
2012-09-11,1579,6770
2012-09-12,1527,7065
2012-09-13,1551,7169
2012-09-14,4658,28622
2012-09-15,2872,18235
2012-09-16,1287,6603
2012-09-17,1807,8115
2012-09-18,1814,7863
2012-09-19,2071,9824
2012-09-20,1959,10137
2012-09-21,1558,7470
2012-09-22,961,4534
2012-09-23,926,4216
2012-09-24,1684,7206
2012-09-25,2009,9214
2012-09-26,2199,10181
2012-09-27,1853,7858
2012-09-28,1518,6682
2012-09-29,1000,4621
2012-09-30,990,5073
2012-10-01,1904,8817
2012-10-02,2081,9908
2012-10-03,2078,9833
2012-10-04,1923,8849
2012-10-05,1718,7299
2012-10-06,1074,5553
2012-10-07,1366,6063
2012-10-08,2201,8983
2012-10-09,2376,9941
2012-10-10,2362,9805
2012-10-11,2119,8433
2012-10-12,1785,7740
2012-10-13,1043,4339
2012-10-14,1294,5384
2012-10-15,2186,9600
2012-10-16,2554,12164
2012-10-17,2348,11515
2012-10-18,2286,9870
2012-10-19,2155,9875
2012-10-20,1451,7457
2012-10-21,1635,7782
2012-10-22,2366,10732
2012-10-23,2901,12204
2012-10-24,2731,12221
2012-10-25,2636,13187
2012-10-26,2419,11209
2012-10-27,1632,8018
2012-10-28,1595,8272
2012-10-29,2713,13306
2012-10-30,2920,14463
2012-10-31,2917,14911
2012-11-01,2072,10924
2012-11-02,2238,10775
2012-11-03,1869,10208
2012-11-04,2385,13405
2012-11-05,3449,18849
2012-11-06,3410,18097
2012-11-07,3458,19541
2012-11-08,3550,19290
2012-11-09,3242,17951
2012-11-10,2767,16830
2012-11-11,3286,19783
2012-11-12,5081,30160
2012-11-13,5255,31724
2012-11-14,5369,30570
2012-11-15,5801,34033
2012-11-16,5917,34557
2012-11-17,4824,30370
2012-11-18,6132,37586
2012-11-19,7687,45664
2012-11-20,7380,41560
2012-11-21,8036,48676
2012-11-22,7503,44435
2012-11-23,7375,44925
2012-11-24,5982,38367
2012-11-25,6789,42613
2012-11-26,9989,62474
2012-11-27,10622,64236
2012-11-28,11238,68658
2012-11-29,10563,67671
2012-11-30,9523,57651
2012-12-01,7754,50765
2012-12-02,8566,54358
2012-12-03,12971,83270
2012-12-04,12245,77017
2012-12-05,12424,77037
2012-12-06,10794,64853
2012-12-07,10579,65120
2012-12-08,8325,52200
2012-12-09,9597,60667
2012-12-10,12649,78931
2012-12-11,10729,65434
2012-12-12,10301,61286
2012-12-13,9663,58138
2012-12-14,8853,52453
2012-12-15,6804,42525
2012-12-16,7370,44676
2012-12-17,9802,58164
2012-12-18,8806,51201
2012-12-19,8837,51846
2012-12-20,7940,46639
2012-12-21,9843,47172
2012-12-22,5507,32350
2012-12-23,4610,27510
2012-12-24,3174,17739
2012-12-25,2161,12156
2012-12-26,4021,23665
2012-12-27,4691,27695
2012-12-28,4528,27639
2012-12-29,4038,26008
2012-12-30,3986,25106
2012-12-31,3022,18519
2013-01-01,2467,13023
2013-01-02,3778,19674
2013-01-03,4181,22496
2013-01-04,4675,27684
2013-01-05,3533,20584
2013-01-06,3661,22079
2013-01-07,5521,31207
2013-01-08,5002,26289
2013-01-09,4678,24303
2013-01-10,4420,23266
2013-01-11,4107,23287
2013-01-12,3266,18708
2013-01-13,3676,20016
2013-01-14,5138,27987
2013-01-15,4999,25819
2013-01-16,4766,25198
2013-01-17,4218,22159
2013-01-18,4120,22587
2013-01-19,3428,19029
2013-01-20,3808,21186
2013-01-21,5019,26982
2013-01-22,4464,23374
2013-01-23,5108,25537
2013-01-24,5584,26365
2013-01-25,4520,21443
2013-01-26,3453,17796
2013-01-27,3388,16561
2013-01-28,4803,23722
2013-01-29,5035,23950
2013-01-30,4979,23768
2013-01-31,4809,22095
2013-02-01,5078,25805
2013-02-02,3739,19818
2013-02-03,4178,22682
2013-02-04,5908,31944
2013-02-05,5312,28592
2013-02-06,4785,23674
2013-02-07,5041,26212
2013-02-08,4956,24945
2013-02-09,3251,17805
2013-02-10,3347,18158
2013-02-11,4576,23241
2013-02-12,4362,20541
2013-02-13,4492,22512
2013-02-14,3928,20296
2013-02-15,3261,15178
2013-02-16,2321,12004
2013-02-17,2522,12441
2013-02-18,3655,17611
2013-02-19,3350,15299
2013-02-20,3167,15176
2013-02-21,3295,15264
2013-02-22,2876,13343
2013-02-23,2200,10649
2013-02-24,2468,12135
2013-02-25,3257,15348
2013-02-26,3090,14279
2013-02-27,2996,13988
2013-02-28,2802,13397
2013-03-01,2488,10899
2013-03-02,1653,8184
2013-03-03,1787,8410
2013-03-04,2692,11773
2013-03-05,2783,13150
2013-03-06,2823,13392
2013-03-07,3873,17639
2013-03-08,2715,11648
2013-03-09,1505,7053
2013-03-10,1756,8363
2013-03-11,3084,15101
2013-03-12,3160,14804
2013-03-13,2862,13045
2013-03-14,2612,11684
2013-03-15,2416,10588
2013-03-16,1769,8275
2013-03-17,1949,8778
2013-03-18,3537,15648
2013-03-19,3366,13369
2013-03-20,3453,13868
2013-03-21,2777,11017
2013-03-22,2337,9102
2013-03-23,1635,7035
2013-03-24,1973,8433
2013-03-25,3052,11725
2013-03-26,3187,12960
2013-03-27,2789,11707
2013-03-28,2702,10200
2013-03-29,2170,8844
2013-03-30,1532,6731
2013-03-31,1334,6036
2013-04-01,1716,7790
2013-04-02,3154,13043
2013-04-03,3102,12551
2013-04-04,3191,14243
2013-04-05,2835,12390
2013-04-06,1950,9405
2013-04-07,1959,9030
2013-04-08,3074,13968
2013-04-09,3759,16635
2013-04-10,3883,16272
2013-04-11,3395,14307
2013-04-12,3006,12144
2013-04-13,2133,9399
2013-04-14,1644,7067
2013-04-15,3612,16019
2013-04-16,3264,13374
2013-04-17,3080,12548
2013-04-18,3067,12598
2013-04-19,3125,13518
2013-04-20,2173,10007
2013-04-21,2300,10433
2013-04-22,3123,14238
2013-04-23,3643,14972
2013-04-24,3425,14751
2013-04-25,2708,11447
2013-04-26,2685,12066
2013-04-27,2121,9700
2013-04-28,2074,9483
2013-04-29,2980,13531
2013-04-30,2741,12655
2013-05-01,2226,11448
2013-05-02,2691,12023
2013-05-03,2350,11060
2013-05-04,1639,8767
2013-05-05,1538,7000
2013-05-06,2315,10564
2013-05-07,1951,8038
2013-05-08,1504,6941
2013-05-09,1433,6206
2013-05-10,1666,7671
2013-05-11,1320,6244
2013-05-12,1519,6992
2013-05-13,2435,10784
2013-05-14,2458,10405
2013-05-15,2546,11364
2013-05-16,2578,11767
2013-05-17,2218,10630
2013-05-18,1521,7623
2013-05-19,1749,8126
2013-05-20,2159,10490
2013-05-21,2787,12310
2013-05-22,3358,12854
2013-05-23,2556,10614
2013-05-24,2238,10016
2013-05-25,1439,6202
2013-05-26,1445,6092
2013-05-27,2404,9159
2013-05-28,1857,6935
2013-05-29,2856,10876
2013-05-30,2533,10144
2013-05-31,2352,9791
2013-06-01,1367,5413
2013-06-02,1504,6251
2013-06-03,2701,10023
2013-06-04,2634,10428
2013-06-05,2819,10615
2013-06-06,2246,8210
2013-06-07,1625,6325
2013-06-08,1050,4225
2013-06-09,1264,4742
2013-06-10,2432,9604
2013-06-11,2219,8544
2013-06-12,2836,10205
2013-06-13,2439,9874
2013-06-14,2032,7899
2013-06-15,1182,4655
2013-06-16,1178,4367
2013-06-17,2701,10156
2013-06-18,2587,10290
2013-06-19,2922,12741
2013-06-20,2918,12689
2013-06-21,2377,9963
2013-06-22,1381,6007
2013-06-23,1677,7490
2013-06-24,2260,9084
2013-06-25,2216,9097
2013-06-26,2233,8335
2013-06-27,2228,8078
2013-06-28,1763,6678
2013-06-29,1008,3861
2013-06-30,1096,4321
2013-07-01,2290,8243
2013-07-02,2258,8503
2013-07-03,2360,8686
2013-07-04,1421,5480
2013-07-05,1792,6121
2013-07-06,894,3269
2013-07-07,936,3138
2013-07-08,1629,6240
2013-07-09,1904,7397
2013-07-10,2300,9116
2013-07-11,2067,8126
2013-07-12,1438,5851
2013-07-13,772,2689
2013-07-14,824,2896
2013-07-15,1688,5938
2013-07-16,1864,7332
2013-07-17,1868,7678
2013-07-18,1772,6307
2013-07-19,1529,5658
2013-07-20,695,2964
2013-07-21,778,2826
2013-07-22,1548,5619
2013-07-23,1976,7935
2013-07-24,1590,6367
2013-07-25,1403,5223
2013-07-26,1386,6671
2013-07-27,738,3085
2013-07-28,765,2958
2013-07-29,1381,5811
2013-07-30,1581,6061
2013-07-31,2270,11837
2013-08-01,1620,6621
2013-08-02,1217,4199
2013-08-03,722,2747
2013-08-04,828,3006
2013-08-05,1125,4248
2013-08-06,1227,4647
2013-08-07,1244,4812
2013-08-08,1214,4511
2013-08-09,938,3311
2013-08-10,603,2276
2013-08-11,766,3197
2013-08-12,1051,3724
2013-08-13,1272,4694
2013-08-14,1099,4161
2013-08-15,639,2332
2013-08-16,761,2785
2013-08-17,849,2785
2013-08-18,681,3000
2013-08-19,1178,4712
2013-08-20,1080,3994
2013-08-21,1226,5215
2013-08-22,1212,4673
2013-08-23,1035,3659
2013-08-24,763,2665
2013-08-25,805,2912
2013-08-26,1323,4628
2013-08-27,1351,4698
2013-08-28,1361,5050
2013-08-29,1695,5614
2013-08-30,1248,4231
2013-08-31,818,2670
2013-09-01,827,3077
2013-09-02,1459,5205
2013-09-03,1591,5684
2013-09-04,1585,5608
2013-09-05,1537,5296
2013-09-06,1472,5246
2013-09-07,872,2886
2013-09-08,890,3475
2013-09-09,1495,5033
2013-09-10,2095,7952
2013-09-11,2038,7842
2013-09-12,1933,6965
2013-09-13,1748,6746
2013-09-14,1204,4286
2013-09-15,1173,4859
2013-09-16,2173,8290
2013-09-17,2211,9047
2013-09-18,2494,10473
2013-09-19,2348,9487
2013-09-20,2200,9025
2013-09-21,1242,5200
2013-09-22,1070,4591
2013-09-23,2147,8396
2013-09-24,2206,8246
2013-09-25,2251,8748
2013-09-26,2244,8409
2013-09-27,1856,6880
2013-09-28,1301,4768
2013-09-29,1454,5960
2013-09-30,2348,9943
2013-10-01,2185,9011
2013-10-02,2166,8142
2013-10-03,2342,9278
2013-10-04,2081,8690
2013-10-05,1344,5617
2013-10-06,1415,5940
2013-10-07,2372,9636
2013-10-08,2434,10316
2013-10-09,3987,16029
2013-10-10,3559,14338
2013-10-11,2669,10971
2013-10-12,1715,8463
2013-10-13,1858,8872
2013-10-14,3055,14631
2013-10-15,3770,17477
2013-10-16,3756,17568
2013-10-17,3434,15428
2013-10-18,3007,13077
2013-10-19,2390,12014
2013-10-20,2513,13620
2013-10-21,3618,17393
2013-10-22,3470,15929
2013-10-23,3148,16110
2013-10-24,3252,15384
2013-10-25,2796,13587
2013-10-26,1872,8872
2013-10-27,2235,10873
2013-10-28,3578,17756
2013-10-29,3615,18189
2013-10-30,3660,18982
2013-10-31,3318,16623
2013-11-01,2587,14150
2013-11-02,2408,12997
2013-11-03,2666,14259
2013-11-04,4033,21730
2013-11-05,4413,23292
2013-11-06,4374,20686
2013-11-07,4281,20967
2013-11-08,4312,22403
2013-11-09,3174,17674
2013-11-10,3224,18671
2013-11-11,4437,24986
2013-11-12,5892,30596
2013-11-13,5645,30163
2013-11-14,7511,33333
2013-11-15,5498,23885
2013-11-16,2293,9344
2013-11-17,2019,8347
2013-11-18,3035,11508
2013-11-19,2917,12595
2013-11-20,2861,12331
2013-11-21,3135,13497
2013-11-22,2761,12258
2013-11-23,1798,8407
2013-11-24,2021,8965
2013-11-25,3176,14895
2013-11-26,3248,14890
2013-11-27,3332,15696
2013-11-28,3181,14381
2013-11-29,2645,12757
2013-11-30,2048,10555
2013-12-01,2209,11159
2013-12-02,3304,15851
2013-12-03,3228,15440
2013-12-04,3079,13735
2013-12-05,3026,13069
2013-12-06,2663,12076
2013-12-07,1795,9129
2013-12-08,2038,9762
2013-12-09,2971,14141
2013-12-10,3102,12585
2013-12-11,3447,16082
2013-12-12,3518,16386
2013-12-13,2992,13815
2013-12-14,2072,10238
2013-12-15,2331,11939
2013-12-16,3627,18230
2013-12-17,3581,16073
2013-12-18,3357,15873
2013-12-19,3633,17956
2013-12-20,3877,17571
2013-12-21,2579,13356
2013-12-22,2287,12389
2013-12-23,2561,13380
2013-12-24,1684,7899
2013-12-25,1164,5454
2013-12-26,2168,10116
2013-12-27,2455,12549
2013-12-28,2382,13695
2013-12-29,2454,14601
2013-12-30,2896,15626
2013-12-31,2064,11395
2014-01-01,1540,7433
2014-01-02,2383,11113
2014-01-03,2878,15286
2014-01-04,2682,15783
2014-01-05,3053,17400
2014-01-06,4076,22161
2014-01-07,4077,19706
2014-01-08,3730,18149
2014-01-09,4091,20649
2014-01-10,3920,20228
2014-01-11,3064,16945
2014-01-12,3382,19283
2014-01-13,5254,27982
2014-01-14,4557,23783
2014-01-15,4729,25026
2014-01-16,5072,26316
2014-01-17,4470,22931
2014-01-18,3834,21209
2014-01-19,3736,19685
2014-01-20,5024,26235
2014-01-21,4489,22476
2014-01-22,5447,26574
2014-01-23,5210,25675
2014-01-24,5070,27642
2014-01-25,3525,19064
2014-01-26,3497,18943
2014-01-27,5429,30667
2014-01-28,4987,26523
2014-01-29,6472,30675
2014-01-30,6826,33782
2014-01-31,4917,26629
2014-02-01,4067,23931
2014-02-02,4236,23212
2014-02-03,6063,35483
2014-02-04,6119,32219
2014-02-05,6764,36465
2014-02-06,6001,33826
2014-02-07,4994,26341
2014-02-08,4282,24046
2014-02-09,4750,27665
2014-02-10,6987,38776
2014-02-11,6090,32922
2014-02-12,5480,29095
2014-02-13,5136,27615
2014-02-14,4621,25142
2014-02-15,4091,23784
2014-02-16,4295,24780
2014-02-17,5646,31036
2014-02-18,5551,30965
2014-02-19,6079,33983
2014-02-20,5439,30182
2014-02-21,4905,26734
2014-02-22,3850,22069
2014-02-23,3914,22296
2014-02-24,5130,28566
2014-02-25,5483,29829
2014-02-26,5602,32014
2014-02-27,5366,29934
2014-02-28,5060,28283
2014-03-01,3634,21253
2014-03-02,3613,20754
2014-03-03,5278,29708
2014-03-04,4601,25137
2014-03-05,5295,28946
2014-03-06,3958,20641
2014-03-07,3299,17012
2014-03-08,2593,14698
2014-03-09,2694,14546
2014-03-10,3752,18833
2014-03-11,3678,18075
2014-03-12,3529,17205
2014-03-13,3293,16571
2014-03-14,2868,14353
2014-03-15,2222,11275
2014-03-16,2523,12187
2014-03-17,4051,20093
2014-03-18,3502,16795
2014-03-19,3539,17554
2014-03-20,3341,16453
2014-03-21,3376,15767
2014-03-22,2998,16306
2014-03-23,3637,16057
2014-03-24,4210,17338
2014-03-25,3556,17730
2014-03-26,3557,16135
2014-03-27,3081,14298
2014-03-28,2725,12382
2014-03-29,2159,10281
2014-03-30,2815,11819
2014-03-31,3835,14933
2014-04-01,3177,12651
2014-04-02,3496,14415
2014-04-03,3211,13214
2014-04-04,2867,13285
2014-04-05,1937,8943
2014-04-06,1928,8092
2014-04-07,2795,10912
2014-04-08,3518,14944
2014-04-09,4077,14903
2014-04-10,3124,11773
2014-04-11,2402,10105
2014-04-12,1452,6621
2014-04-13,1449,6219
2014-04-14,2419,10299
2014-04-15,2361,9922
2014-04-16,2267,8991
2014-04-17,2039,8074
2014-04-18,1816,7035
2014-04-19,1222,4965
2014-04-20,1210,5157
2014-04-21,1535,7213
2014-04-22,2199,9457
2014-04-23,2136,8578
2014-04-24,2463,9550
2014-04-25,1952,8217
2014-04-26,1339,5921
2014-04-27,1425,6253
2014-04-28,2116,8558
2014-04-29,2627,10673
2014-04-30,2553,10470
2014-05-01,1718,7751
2014-05-02,1875,8319
2014-05-03,1267,5206
2014-05-04,1111,4257
2014-05-05,2087,8274
2014-05-06,2186,8212
2014-05-07,1969,7556
2014-05-08,1509,6029
2014-05-09,1586,6943
2014-05-10,1178,4847
2014-05-11,1608,6934
2014-05-12,2499,10506
2014-05-13,2785,11085
2014-05-14,2259,9096
2014-05-15,2218,9332
2014-05-16,1690,6106
2014-05-17,1011,3573
2014-05-18,1047,3955
2014-05-19,2105,7603
2014-05-20,2458,9484
2014-05-21,2358,9289
2014-05-22,2311,8723
2014-05-23,1847,7333
2014-05-24,1165,4340
2014-05-25,1491,4761
2014-05-26,2516,9430
2014-05-27,2494,9530
2014-05-28,2115,8845
2014-05-29,1302,5538
2014-05-30,1496,6064
2014-05-31,997,4279
2014-06-01,1495,5769
2014-06-02,2328,9345
2014-06-03,3062,11623
2014-06-04,2851,12777
2014-06-05,2185,8406
2014-06-06,1724,6300
2014-06-07,912,3893
2014-06-08,862,2968
2014-06-09,1210,4783
2014-06-10,2140,7164
2014-06-11,1932,7590
2014-06-12,1746,6304
2014-06-13,1509,5688
2014-06-14,910,3380
2014-06-15,976,3873
2014-06-16,1688,7016
2014-06-17,2029,7980
2014-06-18,1917,6891
2014-06-19,1948,6976
2014-06-20,1638,5724
2014-06-21,746,2646
2014-06-22,1055,3743
2014-06-23,2034,7619
2014-06-24,1853,6608
2014-06-25,1750,6942
2014-06-26,1709,6046
2014-06-27,1632,5856
2014-06-28,967,3532
2014-06-29,1221,4544
2014-06-30,1658,5998
2014-07-01,1731,6360
2014-07-02,1582,6234
2014-07-03,1468,5792
2014-07-04,1223,4470
2014-07-05,764,2804
2014-07-06,893,3467
2014-07-07,1473,5563
2014-07-08,1760,6679
2014-07-09,2207,9985
2014-07-10,1799,7356
2014-07-11,1468,6173
2014-07-12,790,3196
2014-07-13,856,3249
2014-07-14,940,3958
2014-07-15,1692,6481
2014-07-16,1691,6619
2014-07-17,1517,5348
2014-07-18,1691,6614
2014-07-19,905,3199
2014-07-20,926,4001
2014-07-21,1811,7300
2014-07-22,1739,6746
2014-07-23,1548,6945
2014-07-24,3323,12839
2014-07-25,2188,8104
2014-07-26,921,3182
2014-07-27,812,2652
2014-07-28,1563,6497
2014-07-29,1537,6089
2014-07-30,1457,5638
2014-07-31,1211,4570
2014-08-01,1461,6557
2014-08-02,1278,5892
2014-08-03,5087,28534
2014-08-04,6258,33769
2014-08-05,8556,42756
2014-08-06,10519,53020
2014-08-07,3360,15645
2014-08-08,2024,8445
2014-08-09,1043,4856
2014-08-10,1097,3925
2014-08-11,1377,6036
2014-08-12,1242,5171
2014-08-13,1150,4648
2014-08-14,928,3429
2014-08-15,621,2330
2014-08-16,480,1743
2014-08-17,617,2077
2014-08-18,1095,3840
2014-08-19,1031,3657
2014-08-20,1129,4145
2014-08-21,1152,4266
2014-08-22,1087,3692
2014-08-23,649,2235
2014-08-24,723,2283
2014-08-25,1787,6317
2014-08-26,2535,8194
2014-08-27,2241,7272
2014-08-28,2417,8146
2014-08-29,1590,5887
2014-08-30,921,3500
2014-08-31,899,3398
2014-09-01,1608,5517
2014-09-02,1749,6752
2014-09-03,1689,6377
2014-09-04,1756,5859
2014-09-05,1940,6514
2014-09-06,1008,3292
2014-09-07,940,2970
2014-09-08,2019,6989
2014-09-09,2611,9176
2014-09-10,2571,9237
2014-09-11,2279,8219
2014-09-12,1769,6566
2014-09-13,1086,3995
2014-09-14,1109,3997
2014-09-15,2018,7838
2014-09-16,2916,10595
2014-09-17,2481,8711
2014-09-18,2235,7832
2014-09-19,1965,6983
2014-09-20,1203,4518
2014-09-21,1349,4727
2014-09-22,2506,9151
2014-09-23,2260,8422
2014-09-24,2101,8134
2014-09-25,2120,8067
2014-09-26,1737,7110
2014-09-27,1043,3910
2014-09-28,1478,4795
2014-09-29,2542,9083
2014-09-30,2276,8245
2014-10-01,2157,7473
2014-10-02,2067,7541
2014-10-03,1705,5790
2014-10-04,983,3836
2014-10-05,1106,4003
2014-10-06,2047,7673
2014-10-07,2349,8983
2014-10-08,2333,8920
2014-10-09,2140,8091
2014-10-10,2003,8119
2014-10-11,1129,4211
2014-10-12,1301,4627
2014-10-13,2330,9314
2014-10-14,2353,8831
2014-10-15,2341,9159
2014-10-16,2252,8450
2014-10-17,2180,8775
2014-10-18,1218,4759
2014-10-19,1166,3996
2014-10-20,2156,8133
2014-10-21,2267,8400
2014-10-22,2369,9996
2014-10-23,2275,8693
2014-10-24,1719,6133
2014-10-25,1170,4429
2014-10-26,1343,5350
2014-10-27,1992,7657
2014-10-28,2322,8596
2014-10-29,2234,8513
2014-10-30,2016,7591
2014-10-31,1784,6562
2014-11-01,1093,4205
2014-11-02,1257,4773
2014-11-03,2340,8705
2014-11-04,2373,9064
2014-11-05,2418,9574
2014-11-06,3153,14083
2014-11-07,2555,10428
2014-11-08,1420,6293
2014-11-09,1601,6754
2014-11-10,2085,8123
2014-11-11,1814,8427
2014-11-12,2699,11009
2014-11-13,2722,10332
2014-11-14,2404,9883
2014-11-15,1578,6504
2014-11-16,1864,8079
2014-11-17,3232,14612
2014-11-18,3412,16269
2014-11-19,4031,18948
2014-11-20,3947,18075
2014-11-21,3094,15358
2014-11-22,2103,9934
2014-11-23,2302,11041
2014-11-24,3860,19270
2014-11-25,4058,20055
2014-11-26,4397,21718
2014-11-27,4213,18944
2014-11-28,4093,19642
2014-11-29,2776,13840
2014-11-30,2975,15257
2014-12-01,4291,21173
2014-12-02,4511,23271
2014-12-03,4502,22058
2014-12-04,4345,22507
2014-12-05,4137,22330
2014-12-06,2809,15161
2014-12-07,3051,16131
2014-12-08,4827,25292
2014-12-09,4993,27107
2014-12-10,5419,29946
2014-12-11,5171,27925
2014-12-12,4846,25579
2014-12-13,4054,22505
2014-12-14,4024,22633
2014-12-15,5813,31861
2014-12-16,5914,31474
2014-12-17,6492,34683
2014-12-18,5798,33037
2014-12-19,4951,25587
2014-12-20,3833,21318
2014-12-21,3770,21159
2014-12-22,4479,24367
2014-12-23,3575,18101
2014-12-24,2178,11446
2014-12-25,1455,6858
2014-12-26,2279,11765
2014-12-27,2409,13468
2014-12-28,2741,15613
2014-12-29,3222,18164
2014-12-30,2967,15507
2014-12-31,2376,12999
2015-01-01,1473,6980
2015-01-02,2377,11795
2015-01-03,2380,11988
2015-01-04,2458,13877
2015-01-05,3611,19364
2015-01-06,3632,17482
2015-01-07,3019,15248
2015-01-08,2839,13105
2015-01-09,2648,10743
2015-01-10,2084,9557
2015-01-11,1946,8070
2015-01-12,3004,12728
2015-01-13,3322,13598
2015-01-14,3769,16713
2015-01-15,3649,16877
2015-01-16,3275,15200
2015-01-17,2415,11958
2015-01-18,2540,12246
2015-01-19,3573,16417
2015-01-20,3430,15926
2015-01-21,3702,17533
2015-01-22,3931,19364
2015-01-23,3200,15108
2015-01-24,2590,13739
2015-01-25,2586,13537
2015-01-26,3991,19705
2015-01-27,4132,20147
2015-01-28,3978,17786
2015-01-29,4057,20930
2015-01-30,3537,17578
2015-01-31,2708,14020
2015-02-01,3089,15761
2015-02-02,4315,21346
2015-02-03,3929,19025
2015-02-04,4521,21777
2015-02-05,4210,20606
2015-02-06,3438,16808
2015-02-07,2543,13392
2015-02-08,3139,14672
2015-02-09,4474,22223
2015-02-10,4256,20096
2015-02-11,3711,17822
2015-02-12,4266,19359
2015-02-13,4401,20859
2015-02-14,3243,16406
2015-02-15,3256,16469
2015-02-16,4560,22563
2015-02-17,5628,25505
2015-02-18,5346,25813
2015-02-19,4892,23687
2015-02-20,4091,20574
2015-02-21,3163,15943
2015-02-22,3527,18357
2015-02-23,4827,25383
2015-02-24,4940,25358
2015-02-25,4670,24852
2015-02-26,4343,20878
2015-02-27,3767,19128
2015-02-28,2964,16582
2015-03-01,3369,16907
2015-03-02,4638,23312
2015-03-03,4903,25574
2015-03-04,4783,24464
2015-03-05,4193,20810
2015-03-06,3751,18408
2015-03-07,2751,13691
2015-03-08,3232,16167
2015-03-09,4709,22247
2015-03-10,5101,25722
2015-03-11,4616,21928
2015-03-12,4332,20829
2015-03-13,4384,22453
2015-03-14,2999,15110
2015-03-15,3462,18731
2015-03-16,4599,22874
2015-03-17,4751,24335
2015-03-18,4603,21836
2015-03-19,4090,19624
2015-03-20,4246,20757
2015-03-21,3449,18660
2015-03-22,3978,18661
2015-03-23,4937,22707
2015-03-24,4602,22497
2015-03-25,4301,21048
2015-03-26,3993,19189
2015-03-27,3381,16455
2015-03-28,2642,13205
2015-03-29,3647,15295
2015-03-30,4757,21692
2015-03-31,4183,18789
2015-04-01,4010,17415
2015-04-02,3939,17325
2015-04-03,4038,17105
2015-04-04,2368,10455
2015-04-05,1830,7834
2015-04-06,2116,8891
2015-04-07,3791,16694
2015-04-08,3427,14872
2015-04-09,3303,12816
2015-04-10,2821,10579
2015-04-11,1962,8230
2015-04-12,1885,7735
2015-04-13,5097,18402
2015-04-14,5339,19129
2015-04-15,4250,16142
2015-04-16,3494,14046
2015-04-17,3183,12915
2015-04-18,1818,7935
2015-04-19,1802,7551
2015-04-20,2663,9528
2015-04-21,2084,8318
2015-04-22,2014,7758
2015-04-23,2119,7823
2015-04-24,1700,6575
2015-04-25,1239,4907
2015-04-26,1437,5016
2015-04-27,2120,8186
2015-04-28,2009,8292
2015-04-29,1942,7395
2015-04-30,1741,6348
2015-05-01,1401,6105
2015-05-02,1140,4774
2015-05-03,1225,5490
2015-05-04,2401,8671
2015-05-05,2880,10234
2015-05-06,2638,9666
2015-05-07,2022,7399
2015-05-08,1265,4625
2015-05-09,1174,4501
2015-05-10,1140,3674
2015-05-11,1995,6841
2015-05-12,2082,7282
2015-05-13,1757,6173
2015-05-14,1514,6352
2015-05-15,1436,5360
2015-05-16,1124,3885
2015-05-17,1068,3938
2015-05-18,2200,9393
2015-05-19,2261,8054
2015-05-20,2212,7972
2015-05-21,2108,7776
2015-05-22,1848,5896
2015-05-23,953,3650
2015-05-24,856,3234
2015-05-25,1262,4550
2015-05-26,2363,8121
2015-05-27,2086,6773
2015-05-28,2097,8247
2015-05-29,1801,6256
2015-05-30,1010,3295
2015-05-31,1062,3707
2015-06-01,2100,7314
2015-06-02,2156,7175
2015-06-03,1942,7134
2015-06-04,1792,5989
2015-06-05,1449,4698
2015-06-06,798,2958
2015-06-07,993,3308
2015-06-08,2130,8254
2015-06-09,2111,7300
2015-06-10,2136,7538
2015-06-11,1901,6760
2015-06-12,1736,5687
2015-06-13,925,3059
2015-06-14,1023,3549
2015-06-15,2043,6405
2015-06-16,1976,6999
2015-06-17,2246,7265
2015-06-18,1967,6719
2015-06-19,1715,6028
2015-06-20,945,2918
2015-06-21,1077,3157
2015-06-22,2277,7661
2015-06-23,2094,7568
2015-06-24,2034,7821
2015-06-25,1864,6803
2015-06-26,1516,5289
2015-06-27,845,3089
2015-06-28,837,3249
2015-06-29,1615,5903
2015-06-30,1767,6385
2015-07-01,1604,5647
2015-07-02,1529,5094
2015-07-03,1425,4835
2015-07-04,717,2454
2015-07-05,794,3347
2015-07-06,1553,5631
2015-07-07,1580,6145
2015-07-08,1420,5861
2015-07-09,1553,5603
2015-07-10,1571,4339
2015-07-11,691,2132
2015-07-12,714,2263
2015-07-13,958,3360
2015-07-14,877,2618
2015-07-15,1580,5438
2015-07-16,1426,5579
2015-07-17,1247,4125
2015-07-18,667,2215
2015-07-19,732,2619
2015-07-20,1494,5783
2015-07-21,1376,4993
2015-07-22,1524,5352
2015-07-23,1283,4801
2015-07-24,1201,3831
2015-07-25,860,3358
2015-07-26,809,2849
2015-07-27,1380,4686
2015-07-28,1415,5327
2015-07-29,1374,4946
2015-07-30,1167,5032
2015-07-31,1193,5125
2015-08-01,879,3471
2015-08-02,617,2331
2015-08-03,1052,3999
2015-08-04,1107,4180
2015-08-05,904,3095
2015-08-06,969,3505
2015-08-07,899,3292
2015-08-08,601,2153
2015-08-09,593,2152
2015-08-10,1006,3688
2015-08-11,948,3116
2015-08-12,986,3641
2015-08-13,1207,3863
2015-08-14,901,3267
2015-08-15,700,3065
2015-08-16,779,2973
2015-08-17,1090,3925
2015-08-18,1182,4614
2015-08-19,1105,4239
2015-08-20,1089,3860
2015-08-21,1019,3672
2015-08-22,600,2110
2015-08-23,718,2517
2015-08-24,1298,4720
2015-08-25,1495,5546
2015-08-26,1284,4387
2015-08-27,1436,4981
2015-08-28,1426,5050
2015-08-29,732,2729
2015-08-30,796,2948
2015-08-31,1759,7024
2015-09-01,1796,6491
2015-09-02,1587,5352
2015-09-03,1668,5322
2015-09-04,1435,4980
2015-09-05,949,3558
2015-09-06,935,3527
2015-09-07,1740,6144
2015-09-08,1407,4742
2015-09-09,1674,5766
2015-09-10,2021,7992
2015-09-11,1575,5437
2015-09-12,945,3375
2015-09-13,1032,3695
2015-09-14,1811,6491
2015-09-15,1995,6864
2015-09-16,1911,6669
2015-09-17,1914,6594
2015-09-18,1622,5426
2015-09-19,999,3596
2015-09-20,1186,3848
2015-09-21,2045,7349
2015-09-22,2010,7357
2015-09-23,1877,6703
2015-09-24,1811,7142
2015-09-25,1633,6239
2015-09-26,983,3927
2015-09-27,943,4209
2015-09-28,1967,6415
2015-09-29,1879,6128
2015-09-30,1866,6455
2015-10-01,1995,7660
2015-10-02,1657,5982
2015-10-03,1071,4250
2015-10-04,1046,3853
2015-10-05,2082,7874
2015-10-06,2185,7833
2015-10-07,2104,8424
2015-10-08,1921,7254
2015-10-09,1780,6452
2015-10-10,991,3757
2015-10-11,1012,3717
2015-10-12,2015,8096
2015-10-13,2028,7057
2015-10-14,1956,7537
2015-10-15,1830,6937
2015-10-16,1755,7192
2015-10-17,938,3837
2015-10-18,1238,5610
2015-10-19,2300,9615
2015-10-20,2316,9264
2015-10-21,2332,9518
2015-10-22,2216,9163
2015-10-23,1971,7708
2015-10-24,1256,5591
2015-10-25,1347,5453
2015-10-26,2376,10158
2015-10-27,2323,10291
2015-10-28,2448,9914
2015-10-29,2323,8936
2015-10-30,2022,8509
2015-10-31,1259,5314
2015-11-01,1339,5796
2015-11-02,2340,8906
2015-11-03,2608,11264
2015-11-04,2691,11310
2015-11-05,2489,10057
2015-11-06,2132,9231
2015-11-07,1438,6924
2015-11-08,1723,8010
2015-11-09,2679,11194
2015-11-10,2458,10583
2015-11-11,1972,9256
2015-11-12,2407,10019
2015-11-13,2283,10115
2015-11-14,1428,5492
2015-11-15,1718,6908
2015-11-16,3103,11956
2015-11-17,3061,12573
2015-11-18,2777,10769
2015-11-19,3303,13824
2015-11-20,2687,12885
2015-11-21,1749,8503
2015-11-22,1890,8056
2015-11-23,2821,11897
2015-11-24,3022,13410
2015-11-25,3161,13855
2015-11-26,2910,13518
2015-11-27,2516,11336
2015-11-28,1883,8926
2015-11-29,1913,8609
2015-11-30,2835,12890
2015-12-01,2924,12783
2015-12-02,2794,11956
2015-12-03,2713,11763
2015-12-04,2688,11880
2015-12-05,2150,10156
2015-12-06,2632,10840
2015-12-07,3664,15046
2015-12-08,3119,12960
2015-12-09,3121,14524
2015-12-10,3593,16800
2015-12-11,3515,17358
2015-12-12,2615,14572
2015-12-13,2856,12629
2015-12-14,4362,18698
2015-12-15,3749,16602
2015-12-16,3880,17822
2015-12-17,3581,17223
2015-12-18,3126,14509
2015-12-19,2656,14056
2015-12-20,2404,12108
2015-12-21,3172,16204
2015-12-22,2837,13360
2015-12-23,2220,10222
2015-12-24,1811,8178
2015-12-25,1153,5253
2015-12-26,1307,5818
2015-12-27,1560,7449
2015-12-28,2116,10853
2015-12-29,2510,12112
2015-12-30,2141,10200
2015-12-31,1677,7620
2016-01-01,1162,5458
2016-01-02,1333,5540
2016-01-03,1910,8877
2016-01-04,2617,10235
2016-01-05,2872,12301
2016-01-06,2799,12639
2016-01-07,2839,11889
2016-01-08,2616,10610
2016-01-09,2027,9956
2016-01-10,2089,9480
2016-01-11,2940,12371
2016-01-12,3058,12493
2016-01-13,3025,11134
2016-01-14,3046,11414
2016-01-15,2861,12234
2016-01-16,2001,8602
2016-01-17,1835,8142
2016-01-18,2966,11759
2016-01-19,3008,12144
2016-01-20,2896,11464
2016-01-21,3087,11272
2016-01-22,2324,9073
2016-01-23,1500,5897
2016-01-24,1697,7207
2016-01-25,2566,11449
2016-01-26,2944,11592
2016-01-27,4433,15251
2016-01-28,2830,11778
2016-01-29,2443,10211
2016-01-30,2042,9861
2016-01-31,2290,9867
2016-02-01,3845,17178
2016-02-02,3309,14069
2016-02-03,3136,14072
2016-02-04,2741,10912
2016-02-05,2505,10040
2016-02-06,1702,7857
2016-02-07,2036,8805
2016-02-08,2992,12929
2016-02-09,10328,42863
2016-02-10,8198,34444
2016-02-11,5003,20956
2016-02-12,3359,13825
2016-02-13,2208,9428
2016-02-14,1985,9260
2016-02-15,3054,13234
2016-02-16,3088,13759
2016-02-17,3024,13340
2016-02-18,2814,11806
2016-02-19,2405,10436
2016-02-20,1758,7772
2016-02-21,1890,9246
2016-02-22,2925,13671
2016-02-23,2941,12258
2016-02-24,2836,12734
2016-02-25,2536,11799
2016-02-26,2235,10177
2016-02-27,1691,8435
2016-02-28,2153,10759
2016-02-29,4037,16866
2016-03-01,6875,25429
2016-03-02,5528,23236
2016-03-03,4595,20534
2016-03-04,3880,17570
2016-03-05,2776,13558
2016-03-06,2934,13998
2016-03-07,4448,20788
2016-03-08,3742,17313
2016-03-09,4042,18992
2016-03-10,3436,15502
2016-03-11,2900,13538
2016-03-12,2036,9502
2016-03-13,2130,9834
2016-03-14,3066,13707
2016-03-15,3002,12919
2016-03-16,3385,16030
2016-03-17,3334,14867
2016-03-18,2682,12218
2016-03-19,1950,8605
2016-03-20,2128,10076
2016-03-21,3364,14739
2016-03-22,2671,10844
2016-03-23,2927,13513
2016-03-24,2716,11701
2016-03-25,2428,11499
2016-03-26,1670,7687
2016-03-27,1442,6370
2016-03-28,2062,9806
2016-03-29,3142,12948
2016-03-30,3355,14882
2016-03-31,3148,15217
2016-04-01,2903,12761
2016-04-02,2110,10414
2016-04-03,2426,11555
2016-04-04,3247,14986
2016-04-05,3481,15012
2016-04-06,3338,13953
2016-04-07,2898,12116
2016-04-08,2545,10466
2016-04-09,2072,9446
2016-04-10,2015,9033
2016-04-11,3214,14027
2016-04-12,3038,13560
2016-04-13,2815,11790
2016-04-14,2333,9556
2016-04-15,4132,23148
2016-04-16,2414,12433
2016-04-17,2145,10017
2016-04-18,3017,14124
2016-04-19,2114,8686
2016-04-20,2304,10060
2016-04-21,2479,10918
2016-04-22,2115,8669
2016-04-23,1865,8829
2016-04-24,1936,8484
2016-04-25,3050,13461
2016-04-26,3008,13132
2016-04-27,2694,11818
2016-04-28,2828,11947
2016-04-29,2362,11307
2016-04-30,1777,8487
2016-05-01,1855,9025
2016-05-02,2752,11605
2016-05-03,3244,14052
2016-05-04,2168,9009
2016-05-05,1416,5567
2016-05-06,1478,5934
2016-05-07,1224,5070
2016-05-08,1315,5446
2016-05-09,2836,10981
2016-05-10,4901,17440
2016-05-11,5512,19893
2016-05-12,5064,18814
2016-05-13,2749,11094
2016-05-14,1800,6554
2016-05-15,1583,6400
2016-05-16,1993,8410
2016-05-17,2505,9849
2016-05-18,2515,11091
2016-05-19,2663,11087
2016-05-20,2225,9161
2016-05-21,1279,5305
2016-05-22,1541,6179
2016-05-23,2754,11600
2016-05-24,2530,10214
2016-05-25,2710,10775
2016-05-26,2130,7922
2016-05-27,2041,7990
2016-05-28,1202,4720
2016-05-29,1968,9161
2016-05-30,2725,12251
2016-05-31,2500,9949
2016-06-01,2409,9863
2016-06-02,1714,6682
2016-06-03,1935,7288
2016-06-04,1065,5011
2016-06-05,1217,4686
2016-06-06,1989,7011
2016-06-07,1776,6181
2016-06-08,2185,8561
2016-06-09,1934,7300
2016-06-10,1298,4539
2016-06-11,1183,4597
2016-06-12,944,3800
2016-06-13,2398,9538
2016-06-14,1044,3537
2016-06-15,2044,7404
2016-06-16,1944,7541
2016-06-17,1784,6833
2016-06-18,1070,4062
2016-06-19,1137,4464
2016-06-20,2088,8035
2016-06-21,1973,6912
2016-06-22,1968,6589
2016-06-23,1974,7347
2016-06-24,1679,5867
2016-06-25,990,3468
2016-06-26,724,2658
2016-06-27,1775,6641
2016-06-28,1818,6422
2016-06-29,1889,6917
2016-06-30,1795,6628
2016-07-01,1004,3466
2016-07-02,1089,3485
2016-07-03,921,3200
2016-07-04,1270,4758
2016-07-05,2049,7313
2016-07-06,1796,6271
2016-07-07,1464,4788
2016-07-08,1123,3489
2016-07-09,628,2260
2016-07-10,478,1998
2016-07-11,1424,5421
2016-07-12,1581,6022
2016-07-13,1475,5494
2016-07-14,933,3213
2016-07-15,1068,3293
2016-07-16,673,2436
2016-07-17,709,2744
2016-07-18,1305,4421
2016-07-19,1591,5216
2016-07-20,2101,8634
2016-07-21,2191,8163
2016-07-22,1708,5794
2016-07-23,1092,3675
2016-07-24,988,3426
2016-07-25,1492,5548
2016-07-26,1552,5091
2016-07-27,1470,5473
2016-07-28,1340,5014
2016-07-29,1079,3914
2016-07-30,739,2762
2016-07-31,766,3054
2016-08-01,1168,4779
2016-08-02,1188,4374
2016-08-03,1113,3910
2016-08-04,1213,4918
2016-08-05,1120,4455
2016-08-06,667,2541
2016-08-07,644,2391
2016-08-08,1051,4105
2016-08-09,967,3388
2016-08-10,983,4098
2016-08-11,1080,4291
2016-08-12,888,3495
2016-08-13,614,2405
2016-08-14,610,2264
2016-08-15,736,2531
2016-08-16,880,3185
2016-08-17,1109,3798
2016-08-18,1093,3945
2016-08-19,985,3534
2016-08-20,764,3047
2016-08-21,811,3078
2016-08-22,1307,4957
2016-08-23,1395,4964
2016-08-24,1279,4481
2016-08-25,1220,4253
2016-08-26,1079,3328
2016-08-27,787,2764
2016-08-28,1464,6773
2016-08-29,1195,5016
2016-08-30,1615,5648
2016-08-31,1519,5966
2016-09-01,1582,5265
2016-09-02,1454,4851
2016-09-03,929,2766
2016-09-04,1096,4333
2016-09-05,1670,5780
2016-09-06,1598,5722
2016-09-07,1551,5108
2016-09-08,1660,5698
2016-09-09,1475,5288
2016-09-10,1021,3846
2016-09-11,1225,3826
2016-09-12,1920,6878
2016-09-13,1774,6296
2016-09-14,1746,6334
2016-09-15,1676,5627
2016-09-16,1474,5073
2016-09-17,964,3477
2016-09-18,1096,3745
2016-09-19,1647,5540
2016-09-20,1681,5765
2016-09-21,1793,6330
2016-09-22,1621,5105
2016-09-23,1403,5308
2016-09-24,847,2761
2016-09-25,991,3534
2016-09-26,1846,6176
2016-09-27,1838,6321
2016-09-28,1994,7331
2016-09-29,2105,7940
2016-09-30,1561,5889
2016-10-01,1165,4163
2016-10-02,1361,6203
2016-10-03,2126,8531
2016-10-04,2115,8851
2016-10-05,1905,6884
2016-10-06,1928,7484
2016-10-07,1603,5648
2016-10-08,1095,4899
2016-10-09,1116,3814
2016-10-10,1751,6432
2016-10-11,1915,7746
2016-10-12,2204,8933
2016-10-13,2252,8363
2016-10-14,1751,6520
2016-10-15,1151,4314
2016-10-16,1213,4819
2016-10-17,2052,7142
2016-10-18,2153,8151
2016-10-19,2585,8439
2016-10-20,2186,8442
2016-10-21,1892,6651
2016-10-22,1111,3805
2016-10-23,1410,5255
2016-10-24,2099,8427
2016-10-25,2135,8388
2016-10-26,2184,7836
2016-10-27,1712,5891
2016-10-28,1757,6178
2016-10-29,1088,4398
2016-10-30,1148,4175
2016-10-31,1488,5402
2016-11-01,1523,5745
2016-11-02,2058,7609
2016-11-03,2342,7684
2016-11-04,2090,7464
2016-11-05,1365,4995
2016-11-06,1195,3677
2016-11-07,1855,6319
2016-11-08,2152,7918
2016-11-09,1822,6941
2016-11-10,1876,7368
2016-11-11,1515,5953
2016-11-12,1294,5605
2016-11-13,1371,6144
2016-11-14,2196,8181
2016-11-15,2380,9411
2016-11-16,2436,9287
2016-11-17,2433,9630
2016-11-18,2203,8155
2016-11-19,1568,6349
2016-11-20,2096,7450
2016-11-21,2793,10204
2016-11-22,5353,36473
2016-11-23,8357,59948
2016-11-24,5099,29365
2016-11-25,3636,16752
2016-11-26,1964,8777
2016-11-27,2473,9744
2016-11-28,3345,13735
2016-11-29,3184,12218
2016-11-30,3454,14441
2016-12-01,3052,12310
2016-12-02,2759,11398
2016-12-03,2158,9836
2016-12-04,1781,7529
2016-12-05,2642,11975
2016-12-06,3026,11585
2016-12-07,2577,9645
2016-12-08,2348,9004
2016-12-09,2578,8990
2016-12-10,1471,5723
2016-12-11,1593,6858
2016-12-12,2365,9649
2016-12-13,2917,11257
2016-12-14,2590,9941
2016-12-15,2456,9621
2016-12-16,1914,7973
2016-12-17,1355,5886
2016-12-18,1463,6247
2016-12-19,2208,10414
2016-12-20,2116,9503
2016-12-21,1915,7796
2016-12-22,1638,6429
2016-12-23,1283,5000
2016-12-24,723,2761
2016-12-25,681,2724
2016-12-26,1121,5333
2016-12-27,1348,5964
2016-12-28,1254,4494
2016-12-29,1151,4802
2016-12-30,1169,4937
2016-12-31,735,2726
2017-01-01,615,2241
2017-01-02,1421,5662
2017-01-03,1948,7725
2017-01-04,2175,9085
2017-01-05,2247,8502
2017-01-06,2132,7704
2017-01-07,1201,3818
2017-01-08,1366,4759
2017-01-09,2277,8481
2017-01-10,2428,9269
2017-01-11,2249,8131
2017-01-12,2305,8177
2017-01-13,1948,7837
2017-01-14,1536,5949
2017-01-15,1747,7314
2017-01-16,2449,8786
2017-01-17,2437,8912
2017-01-18,2466,9474
2017-01-19,2662,10601
2017-01-20,2283,9268
2017-01-21,1592,6241
2017-01-22,2197,9232
2017-01-23,3104,13477
2017-01-24,2918,12367
2017-01-25,4340,20552
2017-01-26,5268,26152
2017-01-27,6712,39543
2017-01-28,3472,18370
2017-01-29,3221,13772
2017-01-30,4349,19701
2017-01-31,4475,20948
2017-02-01,5480,24323
2017-02-02,4747,21054
2017-02-03,4221,20251
2017-02-04,3258,15304
2017-02-05,3424,17147
2017-02-06,4979,25520
2017-02-07,4968,24581
2017-02-08,5437,26646
2017-02-09,5113,23911
2017-02-10,5285,25255
2017-02-11,4155,22631
2017-02-12,4479,25875
2017-02-13,5454,30086
2017-02-14,5609,27891
2017-02-15,5128,25291
2017-02-16,4606,22082
2017-02-17,4294,22226
2017-02-18,3543,17962
2017-02-19,3646,18985
2017-02-20,5344,29200
2017-02-21,5058,25093
2017-02-22,6176,30177
2017-02-23,5096,24193
2017-02-24,4383,21236
2017-02-25,3630,17410
2017-02-26,3917,19708
2017-02-27,5619,28392
2017-02-28,6170,28313
2017-03-01,6375,29331
2017-03-02,5370,25015
2017-03-03,4992,25194
2017-03-04,4341,21790
2017-03-05,4775,21762
2017-03-06,5800,29411
2017-03-07,5884,30425
2017-03-08,4983,25706
2017-03-09,4994,26090
2017-03-10,12780,89179
2017-03-11,5199,33497
2017-03-12,5047,28916
2017-03-13,5979,32413
2017-03-14,5443,28524
2017-03-15,4963,26264
2017-03-16,4168,21591
2017-03-17,3702,18028
2017-03-18,4126,22993
2017-03-19,4126,22845
2017-03-20,5026,25624
2017-03-21,5290,25300
2017-03-22,5058,25293
2017-03-23,4955,23839
2017-03-24,4249,20129
2017-03-25,3239,16009
2017-03-26,2961,13810
2017-03-27,3971,19026
2017-03-28,3670,17342
2017-03-29,3555,16747
2017-03-30,3318,15083
2017-03-31,3804,20360
2017-04-01,3049,15427
2017-04-02,3286,16152
2017-04-03,4017,19290
2017-04-04,3727,16827
2017-04-05,3478,15636
2017-04-06,3521,15872
2017-04-07,3102,13267
2017-04-08,2256,10028
2017-04-09,2198,10101
2017-04-10,3063,13752
2017-04-11,2897,12285
2017-04-12,2921,13455
2017-04-13,2714,11594
2017-04-14,2604,11282
2017-04-15,2095,9281
2017-04-16,1973,8278
2017-04-17,2571,11813
2017-04-18,2829,12686
2017-04-19,3082,13782
2017-04-20,3005,12796
2017-04-21,2613,10948
2017-04-22,2219,9236
2017-04-23,4351,16672
2017-04-24,7040,26577
2017-04-25,5455,23488
2017-04-26,4914,22051
2017-04-27,4509,19152
2017-04-28,3943,16431
2017-04-29,3427,13901
2017-04-30,4031,16112
2017-05-01,4234,19486
2017-05-02,4476,20148
2017-05-03,4107,17786
2017-05-04,3963,16588
2017-05-05,4299,18054
2017-05-06,4607,19656
2017-05-07,10111,41599
2017-05-08,15890,70037
2017-05-09,15462,69085
2017-05-10,13103,58673
2017-05-11,34519,131474
2017-05-12,27838,118717
2017-05-13,13905,60700
2017-05-14,10874,44893
2017-05-15,19069,76004
2017-05-16,20858,95030
2017-05-17,15228,61149
2017-05-18,12545,44815
2017-05-19,13763,53451
2017-05-20,12742,49717
2017-05-21,9275,37542
2017-05-22,11916,46940
2017-05-23,8493,33177
2017-05-24,7699,29371
2017-05-25,5304,19336
2017-05-26,5230,19937
2017-05-27,4474,16027
2017-05-28,5482,20249
2017-05-29,7536,28217
2017-05-30,7695,29044
2017-05-31,6751,25281
2017-06-01,6370,23566
2017-06-02,6001,21288
2017-06-03,6623,23320
2017-06-04,6648,25040
2017-06-05,8413,30917
2017-06-06,10161,38359
2017-06-07,14090,64732
2017-06-08,10794,41431
2017-06-09,10522,38561
2017-06-10,10382,37614
2017-06-11,38849,121594
2017-06-12,17855,53708
2017-06-13,6927,24229
2017-06-14,4516,15203
2017-06-15,4593,14633
2017-06-16,4902,16174
2017-06-17,4373,14202
2017-06-18,26382,61496
2017-06-19,32299,73197
